id,start_time,end_time,result,session_date,device_id
1,2025-08-22T21:05:37.479Z,2025-08-22T21:06:09.773Z,60,23/08/2025,68A2FA6D
1,2025-08-23T00:42:52.486Z,2025-08-23T00:43:02.972Z,60,23/08/2025,68A2FA6D
2,2025-08-23T00:44:43.455Z,2025-08-23T00:45:04.823Z,60,23/08/2025,68A2FA6D
3,2025-08-23T01:06:08.199Z,2025-08-23T01:06:41.188Z,40,23/08/2025,68A2FA6D
4,2025-08-23T01:26:45.459Z,2025-08-23T01:27:07.869Z,90,23/08/2025,68A2FA6D
5,2025-08-23T01:32:08.717Z,2025-08-23T01:32:25.031Z,30,23/08/2025,68A2FA6D
6,2025-08-23T01:32:53.455Z,2025-08-23T01:33:18.947Z,30,23/08/2025,68A2FA6D
7,2025-08-23T01:33:49.386Z,2025-08-23T01:33:53.589Z,-30,23/08/2025,68A2FA6D
8,2025-08-23T01:34:34.205Z,2025-08-23T01:34:58.977Z,0,23/08/2025,68A2FA6D
9,2025-08-23T01:35:59.254Z,2025-08-23T01:36:25.053Z,60,23/08/2025,68A2FA6D
10,2025-08-23T01:38:14.980Z,2025-08-23T01:38:59.572Z,95,23/08/2025,68A2FA6D
11,2025-08-23T01:39:25.663Z,2025-08-23T01:40:06.907Z,90,23/08/2025,68A2FA6D
12,2025-08-23T01:40:25.796Z,2025-08-23T01:41:10.694Z,120,23/08/2025,68A2FA6D
13,2025-08-23T01:52:11.895Z,2025-08-23T01:53:15.456Z,-30,23/08/2025,68A2FA6D
14,2025-08-23T01:55:55.790Z,2025-08-23T01:56:28.698Z,65,23/08/2025,68A2FA6D
15,2025-08-23T01:57:05.393Z,2025-08-23T01:57:39.715Z,30,23/08/2025,68A2FA6D
16,2025-08-23T01:57:54.282Z,2025-08-23T01:58:16.451Z,-30,23/08/2025,68A2FA6D
17,2025-08-23T01:58:34.739Z,2025-08-23T01:59:10.647Z,60,23/08/2025,68A2FA6D
18,2025-08-23T01:59:53.424Z,2025-08-23T02:00:06.137Z,30,23/08/2025,68A2FA6D
19,2025-08-23T02:00:10.312Z,2025-08-23T02:00:15.795Z,30,23/08/2025,68A2FA6D
20,2025-08-23T02:00:19.782Z,2025-08-23T02:00:33.989Z,0,23/08/2025,68A2FA6D
21,2025-08-23T02:02:38.055Z,2025-08-23T02:03:04.027Z,120,23/08/2025,68A2FA6D
22,2025-08-23T02:04:54.232Z,2025-08-23T02:05:18.750Z,60,23/08/2025,68A2FA6D
23,2025-08-23T02:05:59.767Z,2025-08-23T02:06:21.136Z,30,23/08/2025,68A2FA6D
24,2025-08-23T02:06:27.832Z,2025-08-23T02:06:31.823Z,30,23/08/2025,68A2FA6D
25,2025-08-23T02:06:34.744Z,2025-08-23T02:06:52.831Z,5,23/08/2025,68A2FA6D
26,2025-08-23T02:06:59.712Z,2025-08-23T02:07:25.125Z,60,23/08/2025,68A2FA6D
27,2025-08-23T02:08:18.948Z,2025-08-23T02:08:52.881Z,90,23/08/2025,68A2FA6D
28,2025-08-23T02:10:06.792Z,2025-08-23T02:10:10.328Z,-30,23/08/2025,68A2FA6D
29,2025-08-23T02:10:15.435Z,2025-08-23T02:10:20.199Z,30,23/08/2025,68A2FA6D
30,2025-08-23T02:10:25.520Z,2025-08-23T02:10:34.858Z,30,23/08/2025,68A2FA6D
31,2025-08-23T02:10:48.330Z,2025-08-23T02:10:56.654Z,30,23/08/2025,68A2FA6D
32,2025-08-23T02:14:47.205Z,2025-08-23T02:14:51.447Z,0,23/08/2025,68A2FA6D
33,2025-08-23T02:17:04.263Z,2025-08-23T02:17:46.789Z,90,23/08/2025,68A2FA6D
34,2025-08-23T02:18:03.315Z,2025-08-23T02:18:42.185Z,30,23/08/2025,68A2FA6D
35,2025-08-23T02:19:40.210Z,2025-08-23T02:20:14.251Z,90,23/08/2025,68A2FA6D
36,2025-08-23T02:20:23.428Z,2025-08-23T02:20:39.835Z,90,23/08/2025,68A2FA6D
37,2025-08-23T02:21:16.437Z,2025-08-23T02:21:30.523Z,30,23/08/2025,68A2FA6D
38,2025-08-23T02:21:40.767Z,2025-08-23T02:21:57.788Z,30,23/08/2025,68A2FA6D
39,2025-08-23T02:22:12.542Z,2025-08-23T02:22:23.800Z,90,23/08/2025,68A2FA6D
40,2025-08-23T02:22:39.792Z,2025-08-23T02:23:09.445Z,0,23/08/2025,68A2FA6D
41,2025-08-23T02:23:22.970Z,2025-08-23T02:23:35.698Z,0,23/08/2025,68A2FA6D
42,2025-08-23T02:23:57.826Z,2025-08-23T02:24:04.989Z,-30,23/08/2025,68A2FA6D
43,2025-08-23T02:24:12.032Z,2025-08-23T02:24:29.479Z,35,23/08/2025,68A2FA6D
44,2025-08-23T02:27:13.029Z,2025-08-23T02:27:37.920Z,90,23/08/2025,68A2FA6D
45,2025-08-23T02:33:07.446Z,2025-08-23T02:33:17.599Z,30,23/08/2025,68A2FA6D
46,2025-08-23T02:33:28.201Z,2025-08-23T02:33:45.890Z,30,23/08/2025,68A2FA6D
47,2025-08-23T02:33:56.053Z,2025-08-23T02:34:02.016Z,30,23/08/2025,68A2FA6D
48,2025-08-23T02:34:11.060Z,2025-08-23T02:34:14.782Z,30,23/08/2025,68A2FA6D
49,2025-08-23T02:35:32.136Z,2025-08-23T02:35:50.956Z,30,23/08/2025,68A2FA6D
50,2025-08-23T02:36:04.188Z,2025-08-23T02:36:19.368Z,60,23/08/2025,68A2FA6D
51,2025-08-23T02:59:34.535Z,2025-08-23T02:59:49.461Z,120,23/08/2025,68A2FA6D
52,2025-08-23T03:00:59.531Z,2025-08-23T03:01:27.422Z,60,23/08/2025,68A2FA6D
53,2025-08-23T03:03:41.853Z,2025-08-23T03:04:15.214Z,60,23/08/2025,68A2FA6D
54,2025-08-23T03:07:47.744Z,2025-08-23T03:08:17.077Z,90,23/08/2025,68A2FA6D
55,2025-08-23T03:10:56.238Z,2025-08-23T03:11:34.201Z,30,23/08/2025,68A2FA6D
56,2025-08-23T03:12:40.482Z,2025-08-23T03:12:46.151Z,30,23/08/2025,68A2FA6D
57,2025-08-23T03:12:57.275Z,2025-08-23T03:13:14.724Z,60,23/08/2025,68A2FA6D
58,2025-08-23T03:15:34.716Z,2025-08-23T03:16:02.515Z,120,23/08/2025,68A2FA6D
59,2025-08-23T03:17:13.945Z,2025-08-23T03:17:55.750Z,30,23/08/2025,68A2FA6D
60,2025-08-23T03:19:16.250Z,2025-08-23T03:19:55.988Z,30,23/08/2025,68A2FA6D
61,2025-08-23T03:20:14.142Z,2025-08-23T03:20:44.101Z,30,23/08/2025,68A2FA6D
62,2025-08-23T03:20:59.681Z,2025-08-23T03:21:35.363Z,90,23/08/2025,68A2FA6D
63,2025-08-23T03:22:39.710Z,2025-08-23T03:23:20.114Z,30,23/08/2025,68A2FA6D
64,2025-08-23T03:24:15.177Z,2025-08-23T03:24:54.208Z,60,23/08/2025,68A2FA6D
65,2025-08-23T03:25:48.697Z,2025-08-23T03:26:19.911Z,90,23/08/2025,68A2FA6D
66,2025-08-23T03:26:42.241Z,2025-08-23T03:27:16.094Z,120,23/08/2025,68A2FA6D
67,2025-08-23T03:27:35.356Z,2025-08-23T03:28:00.287Z,90,23/08/2025,68A2FA6D
68,2025-08-23T03:28:10.945Z,2025-08-23T03:28:36.436Z,120,23/08/2025,68A2FA6D
69,2025-08-23T03:28:52.068Z,2025-08-23T03:29:29.658Z,30,23/08/2025,68A2FA6D
70,2025-08-23T03:30:10.863Z,2025-08-23T03:30:47.838Z,60,23/08/2025,68A2FA6D
71,2025-08-23T03:31:28.029Z,2025-08-23T03:32:06.712Z,30,23/08/2025,68A2FA6D
72,2025-08-23T03:32:35.790Z,2025-08-23T03:33:18.969Z,60,23/08/2025,68A2FA6D
73,2025-08-23T03:33:33.895Z,2025-08-23T03:33:56.146Z,30,23/08/2025,68A2FA6D
74,2025-08-23T03:34:42.578Z,2025-08-23T03:35:12.617Z,90,23/08/2025,68A2FA6D
75,2025-08-23T03:36:47.857Z,2025-08-23T03:37:30.050Z,90,23/08/2025,68A2FA6D
76,2025-08-23T03:38:24.018Z,2025-08-23T03:38:49.390Z,90,23/08/2025,68A2FA6D
77,2025-08-23T03:39:38.677Z,2025-08-23T03:40:09.652Z,120,23/08/2025,68A2FA6D
78,2025-08-23T03:40:52.202Z,2025-08-23T03:41:19.600Z,30,23/08/2025,68A2FA6D
79,2025-08-23T03:42:23.481Z,2025-08-23T03:42:54.923Z,30,23/08/2025,68A2FA6D
80,2025-08-23T03:44:05.550Z,2025-08-23T03:44:31.615Z,120,23/08/2025,68A2FA6D
81,2025-08-23T03:45:03.215Z,2025-08-23T03:45:34.709Z,120,23/08/2025,68A2FA6D
82,2025-08-23T03:46:27.251Z,2025-08-23T03:47:12.390Z,-30,23/08/2025,68A2FA6D
83,2025-08-23T03:47:35.533Z,2025-08-23T03:48:14.457Z,30,23/08/2025,68A2FA6D
84,2025-08-23T03:48:51.299Z,2025-08-23T03:49:13.669Z,0,23/08/2025,68A2FA6D
85,2025-08-23T03:49:48.269Z,2025-08-23T03:50:18.883Z,120,23/08/2025,68A2FA6D
86,2025-08-23T03:52:52.174Z,2025-08-23T03:53:23.175Z,60,23/08/2025,68A2FA6D
87,2025-08-23T03:56:02.188Z,2025-08-23T03:56:39.671Z,120,23/08/2025,68A2FA6D
88,2025-08-23T04:00:59.595Z,2025-08-23T04:01:32.169Z,120,23/08/2025,68A2FA6D
89,2025-08-23T04:01:52.644Z,2025-08-23T04:02:14.614Z,120,23/08/2025,68A2FA6D
90,2025-08-23T04:02:40.985Z,2025-08-23T04:03:10.478Z,120,23/08/2025,68A2FA6D
91,2025-08-23T04:04:28.737Z,2025-08-23T04:04:55.563Z,60,23/08/2025,68A2FA6D
92,2025-08-23T04:07:29.200Z,2025-08-23T04:07:54.572Z,30,23/08/2025,68A2FA6D
93,2025-08-23T04:08:15.380Z,2025-08-23T04:08:35.842Z,0,23/08/2025,68A2FA6D
94,2025-08-23T04:08:44.019Z,2025-08-23T04:08:53.932Z,90,23/08/2025,68A2FA6D
95,2025-08-23T04:09:12.778Z,2025-08-23T04:09:25.625Z,-30,23/08/2025,68A2FA6D
96,2025-08-23T04:09:35.721Z,2025-08-23T04:09:41.111Z,30,23/08/2025,68A2FA6D
97,2025-08-23T04:09:52.621Z,2025-08-23T04:10:19.954Z,90,23/08/2025,68A2FA6D
98,2025-08-23T04:11:22.099Z,2025-08-23T04:11:36.786Z,60,23/08/2025,68A2FA6D
99,2025-08-23T04:12:09.480Z,2025-08-23T04:12:21.486Z,30,23/08/2025,68A2FA6D
100,2025-08-23T04:12:29.034Z,2025-08-23T04:12:36.678Z,0,23/08/2025,68A2FA6D
101,2025-08-23T04:12:45.642Z,2025-08-23T04:13:05.330Z,60,23/08/2025,68A2FA6D
102,2025-08-23T04:13:11.533Z,2025-08-23T04:13:20.710Z,30,23/08/2025,68A2FA6D
103,2025-08-23T04:13:27.514Z,2025-08-23T04:13:34.063Z,-30,23/08/2025,68A2FA6D
104,2025-08-23T04:13:53.124Z,2025-08-23T04:14:02.608Z,90,23/08/2025,68A2FA6D
105,2025-08-23T04:14:21.016Z,2025-08-23T04:14:26.725Z,30,23/08/2025,68A2FA6D
106,2025-08-23T04:14:38.703Z,2025-08-23T04:14:53.297Z,0,23/08/2025,68A2FA6D
107,2025-08-23T04:18:08.379Z,2025-08-23T04:18:32.351Z,90,23/08/2025,68A2FA6D
108,2025-08-23T04:18:40.129Z,2025-08-23T04:19:02.923Z,120,23/08/2025,68A2FA6D
109,2025-08-23T04:20:09.190Z,2025-08-23T04:20:36.122Z,60,23/08/2025,68A2FA6D
110,2025-08-23T04:20:48.287Z,2025-08-23T04:21:15.580Z,120,23/08/2025,68A2FA6D
111,2025-08-23T04:24:46.015Z,2025-08-23T04:25:23.725Z,60,23/08/2025,68A2FA6D
112,2025-08-23T04:25:33.128Z,2025-08-23T04:25:56.085Z,90,23/08/2025,68A2FA6D
113,2025-08-23T04:28:06.727Z,2025-08-23T04:28:32.778Z,90,23/08/2025,68A2FA6D
114,2025-08-23T04:28:47.264Z,2025-08-23T04:29:11.208Z,90,23/08/2025,68A2FA6D
115,2025-08-23T04:30:57.960Z,2025-08-23T04:31:34.404Z,90,23/08/2025,68A2FA6D
116,2025-08-23T04:32:09.537Z,2025-08-23T04:32:44.432Z,0,23/08/2025,68A2FA6D
117,2025-08-23T04:33:02.173Z,2025-08-23T04:33:24.889Z,90,23/08/2025,68A2FA6D
118,2025-08-23T04:33:58.717Z,2025-08-23T04:34:28.730Z,90,23/08/2025,68A2FA6D
119,2025-08-23T04:34:37.186Z,2025-08-23T04:34:59.625Z,120,23/08/2025,68A2FA6D
120,2025-08-23T04:35:43.161Z,2025-08-23T04:36:07.051Z,120,23/08/2025,68A2FA6D
121,2025-08-23T04:36:51.990Z,2025-08-23T04:37:07.490Z,30,23/08/2025,68A2FA6D
122,2025-08-23T04:37:23.658Z,2025-08-23T04:37:37.063Z,30,23/08/2025,68A2FA6D
123,2025-08-23T04:38:24.097Z,2025-08-23T04:38:52.349Z,120,23/08/2025,68A2FA6D
124,2025-08-23T04:39:07.621Z,2025-08-23T04:39:32.952Z,60,23/08/2025,68A2FA6D
125,2025-08-23T04:40:00.844Z,2025-08-23T04:40:31.324Z,30,23/08/2025,68A2FA6D
126,2025-08-23T04:41:19.891Z,2025-08-23T04:41:26.615Z,30,23/08/2025,68A2FA6D
127,2025-08-23T04:41:57.707Z,2025-08-23T04:42:18.303Z,90,23/08/2025,68A2FA6D
128,2025-08-23T04:42:29.761Z,2025-08-23T04:42:53.424Z,90,23/08/2025,68A2FA6D
129,2025-08-23T04:45:16.631Z,2025-08-23T04:45:55.115Z,60,23/08/2025,68A2FA6D
130,2025-08-23T04:46:07.413Z,2025-08-23T04:46:36.213Z,120,23/08/2025,68A2FA6D
131,2025-08-23T04:47:09.507Z,2025-08-23T04:47:38.120Z,0,23/08/2025,68A2FA6D
132,2025-08-23T04:47:45.402Z,2025-08-23T04:48:05.810Z,-30,23/08/2025,68A2FA6D
133,2025-08-23T04:48:13.093Z,2025-08-23T04:48:38.478Z,120,23/08/2025,68A2FA6D
134,2025-08-23T04:48:57.832Z,2025-08-23T04:49:35.809Z,-20,23/08/2025,68A2FA6D
135,2025-08-23T04:49:46.226Z,2025-08-23T04:49:49.789Z,30,23/08/2025,68A2FA6D
136,2025-08-23T04:50:10.930Z,2025-08-23T04:50:47.052Z,30,23/08/2025,68A2FA6D
137,2025-08-23T04:51:05.980Z,2025-08-23T04:51:35.433Z,120,23/08/2025,68A2FA6D
138,2025-08-23T04:52:21.412Z,2025-08-23T04:52:51.585Z,60,23/08/2025,68A2FA6D
139,2025-08-23T04:54:59.507Z,2025-08-23T04:55:34.535Z,30,23/08/2025,68A2FA6D
140,2025-08-23T04:57:20.740Z,2025-08-23T04:57:49.192Z,60,23/08/2025,68A2FA6D
141,2025-08-23T04:58:57.634Z,2025-08-23T04:59:20.846Z,120,23/08/2025,68A2FA6D
142,2025-08-23T04:59:26.700Z,2025-08-23T04:59:45.535Z,120,23/08/2025,68A2FA6D
143,2025-08-23T05:01:02.047Z,2025-08-23T05:01:14.987Z,60,23/08/2025,68A2FA6D
144,2025-08-23T05:01:18.254Z,2025-08-23T05:01:21.589Z,30,23/08/2025,68A2FA6D
145,2025-08-23T05:01:33.580Z,2025-08-23T05:01:48.267Z,30,23/08/2025,68A2FA6D
146,2025-08-23T05:01:53.202Z,2025-08-23T05:02:01.593Z,30,23/08/2025,68A2FA6D
147,2025-08-23T05:02:08.795Z,2025-08-23T05:02:14.959Z,30,23/08/2025,68A2FA6D
148,2025-08-23T05:02:22.896Z,2025-08-23T05:02:39.423Z,5,23/08/2025,68A2FA6D
149,2025-08-23T05:04:01.337Z,2025-08-23T05:04:32.537Z,90,23/08/2025,68A2FA6D
150,2025-08-23T05:05:00.948Z,2025-08-23T05:05:13.435Z,30,23/08/2025,68A2FA6D
151,2025-08-23T05:05:21.917Z,2025-08-23T05:05:35.164Z,90,23/08/2025,68A2FA6D
152,2025-08-23T05:05:44.860Z,2025-08-23T05:05:56.667Z,30,23/08/2025,68A2FA6D
153,2025-08-23T05:06:03.055Z,2025-08-23T05:06:23.504Z,0,23/08/2025,68A2FA6D
154,2025-08-23T05:07:05.135Z,2025-08-23T05:07:44.658Z,60,23/08/2025,68A2FA6D
155,2025-08-23T05:09:01.491Z,2025-08-23T05:09:31.384Z,60,23/08/2025,68A2FA6D
156,2025-08-23T05:11:06.545Z,2025-08-23T05:11:42.653Z,120,23/08/2025,68A2FA6D
157,2025-08-23T05:12:10.492Z,2025-08-23T05:12:39.184Z,90,23/08/2025,68A2FA6D
158,2025-08-23T05:13:32.886Z,2025-08-23T05:13:56.177Z,120,23/08/2025,68A2FA6D
159,2025-08-23T05:14:45.291Z,2025-08-23T05:15:15.931Z,0,23/08/2025,68A2FA6D
160,2025-08-23T05:15:33.458Z,2025-08-23T05:16:03.151Z,120,23/08/2025,68A2FA6D
161,2025-08-23T05:16:23.652Z,2025-08-23T05:16:58.214Z,5,23/08/2025,68A2FA6D
162,2025-08-23T05:17:18.623Z,2025-08-23T05:17:41.832Z,120,23/08/2025,68A2FA6D
163,2025-08-23T05:17:50.356Z,2025-08-23T05:18:12.847Z,120,23/08/2025,68A2FA6D
164,2025-08-23T05:18:15.847Z,2025-08-23T05:18:19.809Z,30,23/08/2025,68A2FA6D
165,2025-08-23T05:18:23.971Z,2025-08-23T05:18:46.834Z,120,23/08/2025,68A2FA6D
166,2025-08-23T05:19:06.468Z,2025-08-23T05:19:31.441Z,60,23/08/2025,68A2FA6D
167,2025-08-23T05:21:16.790Z,2025-08-23T05:21:54.900Z,30,23/08/2025,68A2FA6D
168,2025-08-23T05:23:16.455Z,2025-08-23T05:23:39.745Z,60,23/08/2025,68A2FA6D
169,2025-08-23T05:23:48.575Z,2025-08-23T05:24:03.382Z,30,23/08/2025,68A2FA6D
170,2025-08-23T05:24:09.197Z,2025-08-23T05:24:32.154Z,90,23/08/2025,68A2FA6D
171,2025-08-23T05:24:39.357Z,2025-08-23T05:24:56.124Z,60,23/08/2025,68A2FA6D
172,2025-08-23T05:25:00.405Z,2025-08-23T05:25:22.576Z,90,23/08/2025,68A2FA6D
173,2025-08-23T05:26:44.730Z,2025-08-23T05:27:21.426Z,60,23/08/2025,68A2FA6D
174,2025-08-23T05:28:22.051Z,2025-08-23T05:28:55.826Z,30,23/08/2025,68A2FA6D
175,2025-08-23T05:29:09.391Z,2025-08-23T05:29:39.378Z,0,23/08/2025,68A2FA6D
176,2025-08-23T05:32:31.437Z,2025-08-23T05:33:02.037Z,120,23/08/2025,68A2FA6D
177,2025-08-23T05:33:26.581Z,2025-08-23T05:33:52.259Z,90,23/08/2025,68A2FA6D
178,2025-08-23T05:34:42.520Z,2025-08-23T05:35:14.453Z,120,23/08/2025,68A2FA6D
179,2025-08-23T05:36:04.328Z,2025-08-23T05:36:31.766Z,90,23/08/2025,68A2FA6D
180,2025-08-23T05:37:01.620Z,2025-08-23T05:37:08.716Z,60,23/08/2025,68A2FA6D
181,2025-08-23T05:37:21.347Z,2025-08-23T05:37:44.997Z,90,23/08/2025,68A2FA6D
182,2025-08-23T05:38:04.085Z,2025-08-23T05:38:26.536Z,120,23/08/2025,68A2FA6D
183,2025-08-23T05:38:41.395Z,2025-08-23T05:38:59.069Z,30,23/08/2025,68A2FA6D
184,2025-08-23T05:39:14.755Z,2025-08-23T05:39:19.318Z,30,23/08/2025,68A2FA6D
185,2025-08-23T05:40:06.217Z,2025-08-23T05:40:41.166Z,90,23/08/2025,68A2FA6D
186,2025-08-23T05:41:05.884Z,2025-08-23T05:41:12.405Z,-30,23/08/2025,68A2FA6D
187,2025-08-23T05:41:18.048Z,2025-08-23T05:41:20.569Z,30,23/08/2025,68A2FA6D
188,2025-08-23T05:41:25.585Z,2025-08-23T05:41:29.173Z,30,23/08/2025,68A2FA6D
189,2025-08-23T05:42:43.564Z,2025-08-23T05:43:15.245Z,90,23/08/2025,68A2FA6D
190,2025-08-23T05:44:17.924Z,2025-08-23T05:44:46.977Z,120,23/08/2025,68A2FA6D
191,2025-08-23T05:46:01.355Z,2025-08-23T05:46:36.890Z,90,23/08/2025,68A2FA6D
192,2025-08-23T05:46:53.097Z,2025-08-23T05:47:19.029Z,30,23/08/2025,68A2FA6D
193,2025-08-23T05:47:44.359Z,2025-08-23T05:48:12.879Z,60,23/08/2025,68A2FA6D
194,2025-08-23T05:48:29.165Z,2025-08-23T05:49:00.312Z,90,23/08/2025,68A2FA6D
195,2025-08-23T05:49:36.607Z,2025-08-23T05:50:01.084Z,120,23/08/2025,68A2FA6D
196,2025-08-23T05:50:35.712Z,2025-08-23T05:51:03.150Z,30,23/08/2025,68A2FA6D
197,2025-08-23T05:51:33.376Z,2025-08-23T05:52:00.576Z,120,23/08/2025,68A2FA6D
198,2025-08-23T05:52:14.581Z,2025-08-23T05:52:38.871Z,120,23/08/2025,68A2FA6D
199,2025-08-23T05:53:10.404Z,2025-08-23T05:53:27.065Z,60,23/08/2025,68A2FA6D
200,2025-08-23T05:53:37.949Z,2025-08-23T05:53:49.461Z,30,23/08/2025,68A2FA6D
201,2025-08-23T05:55:23.808Z,2025-08-23T05:56:11.109Z,120,23/08/2025,68A2FA6D
202,2025-08-23T05:57:11.347Z,2025-08-23T05:57:37.331Z,90,23/08/2025,68A2FA6D
203,2025-08-23T06:00:49.680Z,2025-08-23T06:01:20.640Z,120,23/08/2025,68A2FA6D
204,2025-08-23T06:02:03.471Z,2025-08-23T06:02:37.712Z,60,23/08/2025,68A2FA6D
205,2025-08-23T06:03:59.387Z,2025-08-23T06:04:23.117Z,120,23/08/2025,68A2FA6D
206,2025-08-23T06:05:05.068Z,2025-08-23T06:05:09.270Z,30,23/08/2025,68A2FA6D
207,2025-08-23T06:05:25.638Z,2025-08-23T06:05:54.490Z,120,23/08/2025,68A2FA6D
208,2025-08-23T06:06:38.468Z,2025-08-23T06:06:53.595Z,90,23/08/2025,68A2FA6D
209,2025-08-23T06:07:17.965Z,2025-08-23T06:07:27.050Z,30,23/08/2025,68A2FA6D
210,2025-08-23T06:07:36.066Z,2025-08-23T06:07:40.628Z,30,23/08/2025,68A2FA6D
211,2025-08-23T06:07:48.058Z,2025-08-23T06:08:23.927Z,45,23/08/2025,68A2FA6D
212,2025-08-23T06:12:06.047Z,2025-08-23T06:12:29.017Z,0,23/08/2025,68A2FA6D
213,2025-08-23T06:12:56.949Z,2025-08-23T06:13:09.247Z,30,23/08/2025,68A2FA6D
214,2025-08-23T06:13:32.604Z,2025-08-23T06:13:53.668Z,90,23/08/2025,68A2FA6D
215,2025-08-23T06:14:08.753Z,2025-08-23T06:14:14.544Z,30,23/08/2025,68A2FA6D
216,2025-08-23T06:15:09.087Z,2025-08-23T06:15:29.574Z,60,23/08/2025,68A2FA6D
217,2025-08-23T06:16:47.567Z,2025-08-23T06:17:09.150Z,0,23/08/2025,68A2FA6D
218,2025-08-23T06:17:16.472Z,2025-08-23T06:17:46.632Z,0,23/08/2025,68A2FA6D
219,2025-08-23T06:19:29.569Z,2025-08-23T06:19:55.607Z,30,23/08/2025,68A2FA6D
220,2025-08-23T06:21:52.590Z,2025-08-23T06:22:28.352Z,60,23/08/2025,68A2FA6D
221,2025-08-23T06:23:35.820Z,2025-08-23T06:23:56.123Z,120,23/08/2025,68A2FA6D
222,2025-08-23T06:25:45.275Z,2025-08-23T06:26:18.664Z,60,23/08/2025,68A2FA6D
223,2025-08-23T06:26:49.983Z,2025-08-23T06:27:25.399Z,90,23/08/2025,68A2FA6D
224,2025-08-23T06:28:03.214Z,2025-08-23T06:28:32.841Z,120,23/08/2025,68A2FA6D
225,2025-08-23T06:29:22.408Z,2025-08-23T06:29:27.344Z,0,23/08/2025,68A2FA6D
226,2025-08-23T06:30:08.921Z,2025-08-23T06:30:12.523Z,60,23/08/2025,68A2FA6D
227,2025-08-23T06:30:23.154Z,2025-08-23T06:30:49.608Z,0,23/08/2025,68A2FA6D
228,2025-08-23T06:31:46.549Z,2025-08-23T06:32:15.296Z,90,23/08/2025,68A2FA6D
229,2025-08-23T06:32:35.810Z,2025-08-23T06:33:05.637Z,60,23/08/2025,68A2FA6D
230,2025-08-23T06:34:17.547Z,2025-08-23T06:34:39.703Z,90,23/08/2025,68A2FA6D
231,2025-08-23T06:35:14.612Z,2025-08-23T06:35:45.385Z,60,23/08/2025,68A2FA6D
232,2025-08-23T06:36:55.040Z,2025-08-23T06:37:30.176Z,60,23/08/2025,68A2FA6D
233,2025-08-23T06:38:48.288Z,2025-08-23T06:39:24.358Z,0,23/08/2025,68A2FA6D
234,2025-08-23T06:39:48.394Z,2025-08-23T06:40:18.567Z,120,23/08/2025,68A2FA6D
235,2025-08-23T06:40:51.835Z,2025-08-23T06:41:16.152Z,60,23/08/2025,68A2FA6D
236,2025-08-23T06:42:11.495Z,2025-08-23T06:42:42.802Z,90,23/08/2025,68A2FA6D
237,2025-08-23T06:43:13.882Z,2025-08-23T06:43:39.213Z,60,23/08/2025,68A2FA6D
238,2025-08-23T06:44:04.784Z,2025-08-23T06:44:39.492Z,30,23/08/2025,68A2FA6D
239,2025-08-23T06:45:35.182Z,2025-08-23T06:45:38.410Z,0,23/08/2025,68A2FA6D
240,2025-08-23T06:45:51.189Z,2025-08-23T06:46:21.562Z,90,23/08/2025,68A2FA6D
241,2025-08-23T06:46:44.438Z,2025-08-23T06:47:09.769Z,90,23/08/2025,68A2FA6D
242,2025-08-23T06:47:26.857Z,2025-08-23T06:47:53.881Z,90,23/08/2025,68A2FA6D
243,2025-08-23T06:47:58.750Z,2025-08-23T06:48:20.879Z,120,23/08/2025,68A2FA6D
244,2025-08-23T06:49:02.737Z,2025-08-23T06:49:27.629Z,-30,23/08/2025,68A2FA6D
245,2025-08-23T06:50:48.181Z,2025-08-23T06:51:22.116Z,90,23/08/2025,68A2FA6D
246,2025-08-23T06:52:12.457Z,2025-08-23T06:52:43.965Z,120,23/08/2025,68A2FA6D
247,2025-08-23T06:53:07.254Z,2025-08-23T06:53:35.773Z,120,23/08/2025,68A2FA6D
248,2025-08-23T06:54:15.950Z,2025-08-23T06:54:47.178Z,60,23/08/2025,68A2FA6D
249,2025-08-23T06:54:59.809Z,2025-08-23T06:55:25.513Z,60,23/08/2025,68A2FA6D
250,2025-08-23T06:58:00.712Z,2025-08-23T06:58:37.408Z,0,23/08/2025,68A2FA6D
251,2025-08-23T06:59:10.742Z,2025-08-23T06:59:41.515Z,60,23/08/2025,68A2FA6D
252,2025-08-23T07:00:34.512Z,2025-08-23T07:01:07.312Z,90,23/08/2025,68A2FA6D
253,2025-08-23T07:01:47.849Z,2025-08-23T07:02:02.509Z,90,23/08/2025,68A2FA6D
254,2025-08-23T07:02:11.592Z,2025-08-23T07:02:15.662Z,0,23/08/2025,68A2FA6D
255,2025-08-23T07:02:22.344Z,2025-08-23T07:02:26.546Z,30,23/08/2025,68A2FA6D
256,2025-08-23T07:02:31.001Z,2025-08-23T07:02:34.122Z,-30,23/08/2025,68A2FA6D
257,2025-08-23T07:02:39.564Z,2025-08-23T07:02:43.726Z,30,23/08/2025,68A2FA6D
258,2025-08-23T07:04:14.885Z,2025-08-23T07:04:29.119Z,30,23/08/2025,68A2FA6D
259,2025-08-23T07:06:04.798Z,2025-08-23T07:06:35.465Z,60,23/08/2025,68A2FA6D
260,2025-08-23T07:07:00.341Z,2025-08-23T07:07:22.872Z,90,23/08/2025,68A2FA6D
261,2025-08-23T07:07:53.018Z,2025-08-23T07:08:18.816Z,120,23/08/2025,68A2FA6D
262,2025-08-23T07:11:25.414Z,2025-08-23T07:11:53.640Z,0,23/08/2025,68A2FA6D
263,2025-08-23T07:12:26.081Z,2025-08-23T07:12:56.693Z,60,23/08/2025,68A2FA6D
264,2025-08-23T07:14:04.122Z,2025-08-23T07:14:16.368Z,0,23/08/2025,68A2FA6D
265,2025-08-23T07:14:24.810Z,2025-08-23T07:14:35.936Z,-30,23/08/2025,68A2FA6D
266,2025-08-23T07:14:42.538Z,2025-08-23T07:14:51.596Z,0,23/08/2025,68A2FA6D
267,2025-08-23T07:16:43.630Z,2025-08-23T07:16:51.607Z,30,23/08/2025,68A2FA6D
268,2025-08-23T07:17:11.775Z,2025-08-23T07:17:17.404Z,-30,23/08/2025,68A2FA6D
269,2025-08-23T07:17:43.069Z,2025-08-23T07:17:48.938Z,30,23/08/2025,68A2FA6D
270,2025-08-23T07:18:01.383Z,2025-08-23T07:18:18.003Z,30,23/08/2025,68A2FA6D
271,2025-08-23T07:18:24.019Z,2025-08-23T07:18:48.792Z,60,23/08/2025,68A2FA6D
272,2025-08-23T07:19:14.814Z,2025-08-23T07:19:38.065Z,120,23/08/2025,68A2FA6D
273,2025-08-23T07:20:05.582Z,2025-08-23T07:20:53.896Z,30,23/08/2025,68A2FA6D
274,2025-08-23T07:21:19.427Z,2025-08-23T07:21:41.023Z,0,23/08/2025,68A2FA6D
275,2025-08-23T07:23:21.105Z,2025-08-23T07:23:58.135Z,30,23/08/2025,68A2FA6D
276,2025-08-23T07:25:30.761Z,2025-08-23T07:25:59.213Z,60,23/08/2025,68A2FA6D
277,2025-08-23T07:26:14.540Z,2025-08-23T07:26:39.230Z,60,23/08/2025,68A2FA6D
278,2025-08-23T07:27:09.096Z,2025-08-23T07:27:31.893Z,120,23/08/2025,68A2FA6D
279,2025-08-23T07:27:53.142Z,2025-08-23T07:28:16.271Z,120,23/08/2025,68A2FA6D
280,2025-08-23T07:31:14.107Z,2025-08-23T07:31:54.044Z,35,23/08/2025,68A2FA6D
281,2025-08-23T07:32:06.811Z,2025-08-23T07:32:41.104Z,120,23/08/2025,68A2FA6D
282,2025-08-23T07:33:06.035Z,2025-08-23T07:33:40.089Z,120,23/08/2025,68A2FA6D
283,2025-08-23T07:34:16.851Z,2025-08-23T07:34:47.598Z,90,23/08/2025,68A2FA6D
284,2025-08-23T07:35:59.735Z,2025-08-23T07:36:31.002Z,60,23/08/2025,68A2FA6D
285,2025-08-23T07:46:21.706Z,2025-08-23T07:47:00.082Z,90,23/08/2025,68A2FA6D
286,2025-08-23T07:47:42.780Z,2025-08-23T07:48:09.432Z,120,23/08/2025,68A2FA6D
287,2025-08-23T07:48:46.367Z,2025-08-23T07:49:10.832Z,120,23/08/2025,68A2FA6D
288,2025-08-23T07:50:28.611Z,2025-08-23T07:50:50.340Z,90,23/08/2025,68A2FA6D
289,2025-08-23T07:51:57.449Z,2025-08-23T07:52:30.303Z,60,23/08/2025,68A2FA6D
290,2025-08-23T07:54:40.078Z,2025-08-23T07:55:17.014Z,120,23/08/2025,68A2FA6D
291,2025-08-23T07:58:16.130Z,2025-08-23T07:58:48.277Z,120,23/08/2025,68A2FA6D
292,2025-08-23T08:02:54.968Z,2025-08-23T08:03:26.303Z,30,23/08/2025,68A2FA6D
293,2025-08-23T08:04:02.891Z,2025-08-23T08:04:28.049Z,120,23/08/2025,68A2FA6D
294,2025-08-23T08:07:08.037Z,2025-08-23T08:07:51.628Z,120,23/08/2025,68A2FA6D
295,2025-08-23T08:08:08.143Z,2025-08-23T08:08:48.879Z,120,23/08/2025,68A2FA6D
296,2025-08-23T08:09:02.458Z,2025-08-23T08:09:35.380Z,-30,23/08/2025,68A2FA6D
297,2025-08-23T08:09:50.945Z,2025-08-23T08:10:37.059Z,0,23/08/2025,68A2FA6D
298,2025-08-23T08:11:13.260Z,2025-08-23T08:11:47.395Z,0,23/08/2025,68A2FA6D
299,2025-08-23T08:12:35.642Z,2025-08-23T08:13:07.136Z,90,23/08/2025,68A2FA6D
300,2025-08-23T08:13:27.157Z,2025-08-23T08:13:57.117Z,120,23/08/2025,68A2FA6D
301,2025-08-23T08:14:11.523Z,2025-08-23T08:14:39.842Z,60,23/08/2025,68A2FA6D
302,2025-08-23T08:14:55.090Z,2025-08-23T08:15:29.743Z,30,23/08/2025,68A2FA6D
303,2025-08-23T08:16:13.562Z,2025-08-23T08:16:43.748Z,30,23/08/2025,68A2FA6D
304,2025-08-23T08:16:52.938Z,2025-08-23T08:17:28.914Z,120,23/08/2025,68A2FA6D
305,2025-08-23T08:18:08.343Z,2025-08-23T08:18:46.920Z,30,23/08/2025,68A2FA6D
306,2025-08-23T08:19:43.051Z,2025-08-23T08:20:10.305Z,60,23/08/2025,68A2FA6D
307,2025-08-23T08:21:17.090Z,2025-08-23T08:22:02.444Z,30,23/08/2025,68A2FA6D
308,2025-08-23T08:22:56.866Z,2025-08-23T08:23:33.671Z,90,23/08/2025,68A2FA6D
309,2025-08-23T08:26:50.632Z,2025-08-23T08:26:56.209Z,30,23/08/2025,68A2FA6D
310,2025-08-23T08:27:10.200Z,2025-08-23T08:27:39.494Z,90,23/08/2025,68A2FA6D
311,2025-08-23T08:27:55.460Z,2025-08-23T08:28:27.447Z,120,23/08/2025,68A2FA6D
312,2025-08-23T08:29:09.798Z,2025-08-23T08:29:42.172Z,90,23/08/2025,68A2FA6D
313,2025-08-23T08:34:58.880Z,2025-08-23T08:35:27.613Z,90,23/08/2025,68A2FA6D
314,2025-08-23T08:39:29.635Z,2025-08-23T08:39:41.401Z,90,23/08/2025,68A2FA6D
315,2025-08-23T08:39:49.871Z,2025-08-23T08:40:10.574Z,120,23/08/2025,68A2FA6D
316,2025-08-23T08:45:20.397Z,2025-08-23T08:45:50.824Z,120,23/08/2025,68A2FA6D
317,2025-08-23T08:46:30.414Z,2025-08-23T08:47:07.830Z,60,23/08/2025,68A2FA6D
318,2025-08-23T08:47:50.608Z,2025-08-23T08:48:22.182Z,0,23/08/2025,68A2FA6D
319,2025-08-23T08:48:59.024Z,2025-08-23T08:49:27.156Z,120,23/08/2025,68A2FA6D
320,2025-08-23T08:50:13.629Z,2025-08-23T08:50:33.265Z,0,23/08/2025,68A2FA6D
321,2025-08-23T08:50:39.867Z,2025-08-23T08:50:52.126Z,0,23/08/2025,68A2FA6D
322,2025-08-23T08:50:58.528Z,2025-08-23T08:51:10.841Z,-30,23/08/2025,68A2FA6D
323,2025-08-23T08:51:24.206Z,2025-08-23T08:51:29.742Z,0,23/08/2025,68A2FA6D
324,2025-08-23T08:53:27.619Z,2025-08-23T08:54:02.873Z,30,23/08/2025,68A2FA6D
325,2025-08-23T08:56:55.066Z,2025-08-23T08:57:05.632Z,60,23/08/2025,68A2FA6D
326,2025-08-23T08:57:10.486Z,2025-08-23T08:57:17.436Z,0,23/08/2025,68A2FA6D
327,2025-08-23T08:58:48.901Z,2025-08-23T08:58:52.183Z,30,23/08/2025,68A2FA6D
328,2025-08-23T08:59:35.642Z,2025-08-23T08:59:58.331Z,120,23/08/2025,68A2FA6D
329,2025-08-23T09:01:46.337Z,2025-08-23T09:02:27.182Z,35,23/08/2025,68A2FA6D
330,2025-08-23T09:02:46.523Z,2025-08-23T09:03:27.367Z,30,23/08/2025,68A2FA6D
331,2025-08-23T09:05:13.305Z,2025-08-23T09:05:36.583Z,60,23/08/2025,68A2FA6D
332,2025-08-23T09:10:06.777Z,2025-08-23T09:10:55.024Z,0,23/08/2025,68A2FA6D
333,2025-08-23T09:11:09.550Z,2025-08-23T09:11:50.008Z,60,23/08/2025,68A2FA6D
334,2025-08-23T09:12:05.293Z,2025-08-23T09:12:33.933Z,0,23/08/2025,68A2FA6D
335,2025-08-23T09:12:40.429Z,2025-08-23T09:13:10.188Z,60,23/08/2025,68A2FA6D
336,2025-08-23T09:14:53.005Z,2025-08-23T09:15:21.204Z,120,23/08/2025,68A2FA6D
337,2025-08-23T09:17:35.821Z,2025-08-23T09:17:41.306Z,0,23/08/2025,68A2FA6D
338,2025-08-23T09:17:47.959Z,2025-08-23T09:18:10.036Z,-25,23/08/2025,68A2FA6D
339,2025-08-23T09:18:17.652Z,2025-08-23T09:18:26.056Z,30,23/08/2025,68A2FA6D
340,2025-08-23T09:18:47.224Z,2025-08-23T09:19:05.780Z,60,23/08/2025,68A2FA6D
341,2025-08-23T09:19:40.235Z,2025-08-23T09:20:08.487Z,120,23/08/2025,68A2FA6D
342,2025-08-23T09:20:42.220Z,2025-08-23T09:21:13.954Z,120,23/08/2025,68A2FA6D
343,2025-08-23T09:22:38.563Z,2025-08-23T09:23:17.887Z,60,23/08/2025,68A2FA6D
344,2025-08-23T09:25:28.315Z,2025-08-23T09:25:50.912Z,120,23/08/2025,68A2FA6D
345,2025-08-23T09:26:15.722Z,2025-08-23T09:26:56.006Z,30,23/08/2025,68A2FA6D
346,2025-08-23T09:28:26.724Z,2025-08-23T09:28:30.020Z,30,23/08/2025,68A2FA6D
347,2025-08-23T09:29:55.736Z,2025-08-23T09:30:25.508Z,60,23/08/2025,68A2FA6D
348,2025-08-23T09:30:39.914Z,2025-08-23T09:31:05.045Z,90,23/08/2025,68A2FA6D
349,2025-08-23T09:31:33.604Z,2025-08-23T09:32:01.058Z,60,23/08/2025,68A2FA6D
350,2025-08-23T09:32:06.978Z,2025-08-23T09:32:30.069Z,30,23/08/2025,68A2FA6D
351,2025-08-23T09:32:35.230Z,2025-08-23T09:32:58.080Z,0,23/08/2025,68A2FA6D
352,2025-08-23T09:33:04.682Z,2025-08-23T09:33:47.341Z,65,23/08/2025,68A2FA6D
353,2025-08-23T09:34:08.429Z,2025-08-23T09:34:33.600Z,90,23/08/2025,68A2FA6D
354,2025-08-23T09:35:49.046Z,2025-08-23T09:36:24.942Z,30,23/08/2025,68A2FA6D
355,2025-08-23T09:38:26.793Z,2025-08-23T09:39:31.621Z,-30,23/08/2025,68A2FA6D
356,2025-08-23T09:42:04.086Z,2025-08-23T09:42:29.763Z,120,23/08/2025,68A2FA6D
357,2025-08-23T09:43:00.550Z,2025-08-23T09:43:26.427Z,120,23/08/2025,68A2FA6D
358,2025-08-23T09:44:49.916Z,2025-08-23T09:45:11.632Z,30,23/08/2025,68A2FA6D
359,2025-08-23T09:46:06.535Z,2025-08-23T09:46:20.475Z,30,23/08/2025,68A2FA6D
360,2025-08-23T09:46:25.783Z,2025-08-23T09:46:45.194Z,30,23/08/2025,68A2FA6D
361,2025-08-23T09:47:58.183Z,2025-08-23T09:48:00.878Z,30,23/08/2025,68A2FA6D
362,2025-08-23T09:48:23.913Z,2025-08-23T09:48:50.126Z,120,23/08/2025,68A2FA6D
363,2025-08-23T09:49:15.535Z,2025-08-23T09:49:40.600Z,30,23/08/2025,68A2FA6D
364,2025-08-23T09:52:03.847Z,2025-08-23T09:52:13.585Z,0,23/08/2025,68A2FA6D
365,2025-08-23T09:52:17.933Z,2025-08-23T09:52:30.899Z,0,23/08/2025,68A2FA6D
366,2025-08-23T09:52:52.388Z,2025-08-23T09:53:05.395Z,60,23/08/2025,68A2FA6D
367,2025-08-23T09:53:21.480Z,2025-08-23T09:53:48.612Z,90,23/08/2025,68A2FA6D
368,2025-08-23T09:53:56.256Z,2025-08-23T09:54:16.104Z,60,23/08/2025,68A2FA6D
369,2025-08-23T09:54:22.960Z,2025-08-23T09:54:42.568Z,90,23/08/2025,68A2FA6D
370,2025-08-23T09:54:48.318Z,2025-08-23T09:55:00.403Z,30,23/08/2025,68A2FA6D
371,2025-08-23T09:55:03.323Z,2025-08-23T09:55:05.965Z,30,23/08/2025,68A2FA6D
372,2025-08-23T09:55:12.688Z,2025-08-23T09:55:18.410Z,30,23/08/2025,68A2FA6D
373,2025-08-23T09:58:16.552Z,2025-08-23T09:58:56.409Z,60,23/08/2025,68A2FA6D
374,2025-08-23T09:59:05.120Z,2025-08-23T09:59:26.369Z,90,23/08/2025,68A2FA6D
375,2025-08-23T09:59:35.892Z,2025-08-23T09:59:56.262Z,90,23/08/2025,68A2FA6D
376,2025-08-23T10:00:07.506Z,2025-08-23T10:00:28.115Z,120,23/08/2025,68A2FA6D
377,2025-08-23T10:01:20.590Z,2025-08-23T10:01:49.657Z,30,23/08/2025,68A2FA6D
378,2025-08-23T10:01:57.753Z,2025-08-23T10:02:19.243Z,5,23/08/2025,68A2FA6D
379,2025-08-23T10:02:49.295Z,2025-08-23T10:03:06.583Z,0,23/08/2025,68A2FA6D
380,2025-08-23T10:03:49.801Z,2025-08-23T10:04:17.519Z,60,23/08/2025,68A2FA6D
381,2025-08-23T10:05:10.141Z,2025-08-23T10:05:14.664Z,30,23/08/2025,68A2FA6D
382,2025-08-23T10:05:29.403Z,2025-08-23T10:05:51.959Z,30,23/08/2025,68A2FA6D
383,2025-08-23T10:06:01.443Z,2025-08-23T10:06:17.970Z,60,23/08/2025,68A2FA6D
384,2025-08-23T10:06:27.054Z,2025-08-23T10:06:43.745Z,0,23/08/2025,68A2FA6D
385,2025-08-23T10:06:51.518Z,2025-08-23T10:07:15.422Z,30,23/08/2025,68A2FA6D
386,2025-08-23T10:07:21.826Z,2025-08-23T10:07:25.626Z,60,23/08/2025,68A2FA6D
387,2025-08-23T10:07:33.402Z,2025-08-23T10:07:49.916Z,60,23/08/2025,68A2FA6D
388,2025-08-23T10:08:12.646Z,2025-08-23T10:08:35.109Z,30,23/08/2025,68A2FA6D
389,2025-08-23T10:08:45.580Z,2025-08-23T10:09:01.800Z,60,23/08/2025,68A2FA6D
390,2025-08-23T10:09:05.922Z,2025-08-23T10:09:18.234Z,90,23/08/2025,68A2FA6D
391,2025-08-23T10:09:21.956Z,2025-08-23T10:09:29.452Z,30,23/08/2025,68A2FA6D
392,2025-08-23T10:09:46.780Z,2025-08-23T10:10:02.493Z,-30,23/08/2025,68A2FA6D
393,2025-08-23T10:10:10.096Z,2025-08-23T10:10:34.120Z,-60,23/08/2025,68A2FA6D
394,2025-08-23T10:11:25.130Z,2025-08-23T10:11:31.531Z,0,23/08/2025,68A2FA6D
395,2025-08-23T10:11:35.012Z,2025-08-23T10:11:48.418Z,0,23/08/2025,68A2FA6D
396,2025-08-23T10:11:53.500Z,2025-08-23T10:12:15.296Z,60,23/08/2025,68A2FA6D
397,2025-08-23T10:12:21.471Z,2025-08-23T10:12:48.884Z,90,23/08/2025,68A2FA6D
398,2025-08-23T10:12:54.592Z,2025-08-23T10:13:05.597Z,0,23/08/2025,68A2FA6D
399,2025-08-23T10:13:09.532Z,2025-08-23T10:13:31.302Z,120,23/08/2025,68A2FA6D
400,2025-08-23T10:14:12.399Z,2025-08-23T10:14:24.071Z,60,23/08/2025,68A2FA6D
401,2025-08-23T10:14:31.633Z,2025-08-23T10:14:37.930Z,30,23/08/2025,68A2FA6D
402,2025-08-23T10:14:46.480Z,2025-08-23T10:14:56.418Z,30,23/08/2025,68A2FA6D
403,2025-08-23T10:15:09.050Z,2025-08-23T10:16:12.490Z,-30,23/08/2025,68A2FA6D
404,2025-08-23T10:17:50.438Z,2025-08-23T10:18:34.030Z,60,23/08/2025,68A2FA6D
405,2025-08-23T10:19:00.828Z,2025-08-23T10:19:23.478Z,90,23/08/2025,68A2FA6D
406,2025-08-23T10:19:38.404Z,2025-08-23T10:20:06.457Z,90,23/08/2025,68A2FA6D
407,2025-08-23T10:20:44.005Z,2025-08-23T10:21:10.684Z,120,23/08/2025,68A2FA6D
408,2025-08-23T10:21:30.065Z,2025-08-23T10:21:56.357Z,120,23/08/2025,68A2FA6D
409,2025-08-23T10:22:36.413Z,2025-08-23T10:23:06.373Z,120,23/08/2025,68A2FA6D
410,2025-08-23T10:25:19.749Z,2025-08-23T10:25:41.893Z,90,23/08/2025,68A2FA6D
411,2025-08-23T10:25:46.974Z,2025-08-23T10:26:10.544Z,120,23/08/2025,68A2FA6D
412,2025-08-23T10:27:04.367Z,2025-08-23T10:27:34.327Z,120,23/08/2025,68A2FA6D
413,2025-08-23T10:28:12.036Z,2025-08-23T10:28:26.670Z,30,23/08/2025,68A2FA6D
414,2025-08-23T10:29:23.693Z,2025-08-23T10:29:52.906Z,60,23/08/2025,68A2FA6D
415,2025-08-23T10:31:43.446Z,2025-08-23T10:32:11.084Z,120,23/08/2025,68A2FA6D
416,2025-08-23T10:38:23.416Z,2025-08-23T10:38:51.469Z,120,23/08/2025,68A2FA6D
417,2025-08-23T10:40:25.174Z,2025-08-23T10:40:36.060Z,30,23/08/2025,68A2FA6D
418,2025-08-23T10:40:56.708Z,2025-08-23T10:41:33.484Z,90,23/08/2025,68A2FA6D
419,2025-08-23T10:41:44.182Z,2025-08-23T10:42:17.462Z,40,23/08/2025,68A2FA6D
420,2025-08-23T10:42:41.392Z,2025-08-23T10:42:59.174Z,0,23/08/2025,68A2FA6D
421,2025-08-23T10:43:13.579Z,2025-08-23T10:43:49.501Z,90,23/08/2025,68A2FA6D
422,2025-08-23T10:44:18.487Z,2025-08-23T10:44:41.324Z,60,23/08/2025,68A2FA6D
423,2025-08-23T10:44:52.421Z,2025-08-23T10:45:16.779Z,90,23/08/2025,68A2FA6D
424,2025-08-23T10:45:24.195Z,2025-08-23T10:45:51.794Z,60,23/08/2025,68A2FA6D
425,2025-08-23T10:46:02.998Z,2025-08-23T10:46:23.447Z,60,23/08/2025,68A2FA6D
426,2025-08-23T10:46:29.303Z,2025-08-23T10:46:51.299Z,120,23/08/2025,68A2FA6D
427,2025-08-23T10:48:19.976Z,2025-08-23T10:48:51.750Z,60,23/08/2025,68A2FA6D
428,2025-08-23T10:49:12.839Z,2025-08-23T10:49:34.742Z,90,23/08/2025,68A2FA6D
429,2025-08-23T10:49:53.442Z,2025-08-23T10:50:10.063Z,60,23/08/2025,68A2FA6D
430,2025-08-23T10:50:16.572Z,2025-08-23T10:50:38.676Z,120,23/08/2025,68A2FA6D
431,2025-08-23T10:50:51.268Z,2025-08-23T10:51:12.837Z,60,23/08/2025,68A2FA6D
432,2025-08-23T10:52:09.140Z,2025-08-23T10:52:30.229Z,120,23/08/2025,68A2FA6D
433,2025-08-23T10:53:09.179Z,2025-08-23T10:53:30.829Z,0,23/08/2025,68A2FA6D
434,2025-08-23T10:53:46.302Z,2025-08-23T10:54:03.950Z,30,23/08/2025,68A2FA6D
435,2025-08-23T10:55:22.102Z,2025-08-23T10:55:29.266Z,60,23/08/2025,68A2FA6D
436,2025-08-23T10:55:52.435Z,2025-08-23T10:56:30.173Z,120,23/08/2025,68A2FA6D
437,2025-08-23T10:58:08.774Z,2025-08-23T10:58:39.987Z,120,23/08/2025,68A2FA6D
438,2025-08-23T10:59:50.910Z,2025-08-23T11:00:19.163Z,60,23/08/2025,68A2FA6D
439,2025-08-23T11:00:58.245Z,2025-08-23T11:01:29.859Z,120,23/08/2025,68A2FA6D
440,2025-08-23T11:02:16.853Z,2025-08-23T11:02:45.611Z,90,23/08/2025,68A2FA6D
441,2025-08-23T11:04:43.354Z,2025-08-23T11:04:47.263Z,60,23/08/2025,68A2FA6D
442,2025-08-23T11:04:52.345Z,2025-08-23T11:05:20.931Z,0,23/08/2025,68A2FA6D
443,2025-08-23T11:06:18.755Z,2025-08-23T11:06:52.930Z,90,23/08/2025,68A2FA6D
444,2025-08-23T11:08:12.270Z,2025-08-23T11:08:50.100Z,30,23/08/2025,68A2FA6D
445,2025-08-23T11:08:59.971Z,2025-08-23T11:09:36.320Z,90,23/08/2025,68A2FA6D
446,2025-08-23T11:10:42.054Z,2025-08-23T11:11:07.946Z,0,23/08/2025,68A2FA6D
447,2025-08-23T11:11:34.956Z,2025-08-23T11:12:01.168Z,90,23/08/2025,68A2FA6D
448,2025-08-23T11:13:04.194Z,2025-08-23T11:13:38.569Z,60,23/08/2025,68A2FA6D
449,2025-08-23T11:13:51.974Z,2025-08-23T11:14:19.387Z,90,23/08/2025,68A2FA6D
450,2025-08-23T11:14:59.978Z,2025-08-23T11:15:36.899Z,60,23/08/2025,68A2FA6D
451,2025-08-23T11:16:10.647Z,2025-08-23T11:16:43.968Z,30,23/08/2025,68A2FA6D
452,2025-08-23T11:17:15.541Z,2025-08-23T11:17:34.029Z,90,23/08/2025,68A2FA6D
453,2025-08-23T11:18:49.182Z,2025-08-23T11:19:18.714Z,60,23/08/2025,68A2FA6D
454,2025-08-23T11:19:50.247Z,2025-08-23T11:20:09.655Z,0,23/08/2025,68A2FA6D
455,2025-08-23T11:24:27.124Z,2025-08-23T11:24:57.752Z,60,23/08/2025,68A2FA6D
456,2025-08-23T11:25:12.144Z,2025-08-23T11:25:42.810Z,30,23/08/2025,68A2FA6D
457,2025-08-23T11:25:53.121Z,2025-08-23T11:26:17.292Z,90,23/08/2025,68A2FA6D
458,2025-08-23T11:26:55.708Z,2025-08-23T11:27:19.918Z,60,23/08/2025,68A2FA6D
459,2025-08-23T11:27:57.894Z,2025-08-23T11:28:29.668Z,120,23/08/2025,68A2FA6D
460,2025-08-23T11:28:44.248Z,2025-08-23T11:29:25.653Z,90,23/08/2025,68A2FA6D
461,2025-08-23T11:29:46.181Z,2025-08-23T11:30:25.117Z,30,23/08/2025,68A2FA6D
462,2025-08-23T11:35:12.026Z,2025-08-23T11:35:37.984Z,30,23/08/2025,68A2FA6D
463,2025-08-23T11:38:25.241Z,2025-08-23T11:38:57.575Z,30,23/08/2025,68A2FA6D
464,2025-08-23T11:44:47.324Z,2025-08-23T11:45:10.840Z,30,23/08/2025,68A2FA6D
465,2025-08-23T11:47:05.409Z,2025-08-23T11:47:32.741Z,120,23/08/2025,68A2FA6D
466,2025-08-23T11:50:19.332Z,2025-08-23T11:50:23.360Z,0,23/08/2025,68A2FA6D
467,2025-08-23T11:52:13.887Z,2025-08-23T11:52:21.770Z,0,23/08/2025,68A2FA6D
468,2025-08-23T11:52:26.412Z,2025-08-23T11:52:52.277Z,0,23/08/2025,68A2FA6D
469,2025-08-23T11:53:03.788Z,2025-08-23T11:53:19.155Z,0,23/08/2025,68A2FA6D
470,2025-08-23T11:55:42.655Z,2025-08-23T11:56:11.762Z,90,23/08/2025,68A2FA6D
471,2025-08-23T11:56:28.115Z,2025-08-23T11:56:48.364Z,120,23/08/2025,68A2FA6D
472,2025-08-23T11:57:06.411Z,2025-08-23T11:57:32.196Z,60,23/08/2025,68A2FA6D
473,2025-08-23T11:57:46.988Z,2025-08-23T11:58:12.413Z,120,23/08/2025,68A2FA6D
474,2025-08-23T11:58:26.725Z,2025-08-23T11:58:49.616Z,120,23/08/2025,68A2FA6D
475,2025-08-23T12:02:02.764Z,2025-08-23T12:02:42.021Z,90,23/08/2025,68A2FA6D
476,2025-08-23T12:04:24.304Z,2025-08-23T12:04:52.077Z,90,23/08/2025,68A2FA6D
477,2025-08-23T12:06:20.727Z,2025-08-23T12:06:50.980Z,120,23/08/2025,68A2FA6D
478,2025-08-23T12:07:51.592Z,2025-08-23T12:08:20.885Z,90,23/08/2025,68A2FA6D
479,2025-08-23T12:12:06.434Z,2025-08-23T12:12:35.994Z,120,23/08/2025,68A2FA6D
480,2025-08-23T12:13:12.129Z,2025-08-23T12:13:49.079Z,30,23/08/2025,68A2FA6D
1,2025-08-24T02:06:52.864Z,2025-08-24T02:07:09.511Z,30,24/08/2025,68A2FA6D
2,2025-08-24T02:13:45.799Z,2025-08-24T02:13:48.561Z,30,24/08/2025,68A2FA6D
3,2025-08-24T02:13:51.401Z,2025-08-24T02:13:54.523Z,30,24/08/2025,68A2FA6D
4,2025-08-24T02:32:07.642Z,2025-08-24T02:32:23.368Z,-30,24/08/2025,68A2FA6D
5,2025-08-24T02:32:32.959Z,2025-08-24T02:32:59.010Z,120,24/08/2025,68A2FA6D
6,2025-08-24T02:37:32.105Z,2025-08-24T02:37:34.511Z,0,24/08/2025,68A2FA6D
7,2025-08-24T02:42:58.416Z,2025-08-24T02:43:25.144Z,90,24/08/2025,68A2FA6D
8,2025-08-24T02:44:40.450Z,2025-08-24T02:45:13.607Z,120,24/08/2025,68A2FA6D
9,2025-08-24T02:47:48.672Z,2025-08-24T02:48:22.228Z,90,24/08/2025,68A2FA6D
10,2025-08-24T02:48:51.936Z,2025-08-24T02:49:10.620Z,60,24/08/2025,68A2FA6D
11,2025-08-24T02:49:17.875Z,2025-08-24T02:49:35.971Z,60,24/08/2025,68A2FA6D
12,2025-08-24T02:51:36.514Z,2025-08-24T02:52:12.919Z,-30,24/08/2025,68A2FA6D
13,2025-08-24T02:52:31.481Z,2025-08-24T02:53:07.057Z,90,24/08/2025,68A2FA6D
14,2025-08-24T02:54:08.505Z,2025-08-24T02:54:25.584Z,60,24/08/2025,68A2FA6D
15,2025-08-24T02:54:42.422Z,2025-08-24T02:55:12.331Z,60,24/08/2025,68A2FA6D
16,2025-08-24T02:55:26.497Z,2025-08-24T02:55:53.118Z,90,24/08/2025,68A2FA6D
17,2025-08-24T02:56:35.002Z,2025-08-24T02:56:48.874Z,30,24/08/2025,68A2FA6D
18,2025-08-24T02:57:45.336Z,2025-08-24T02:57:49.025Z,30,24/08/2025,68A2FA6D
19,2025-08-24T02:58:04.340Z,2025-08-24T02:58:30.642Z,60,24/08/2025,68A2FA6D
20,2025-08-24T02:59:03.102Z,2025-08-24T02:59:40.228Z,120,24/08/2025,68A2FA6D
21,2025-08-24T03:00:34.512Z,2025-08-24T03:00:57.806Z,90,24/08/2025,68A2FA6D
22,2025-08-24T03:04:19.122Z,2025-08-24T03:04:43.967Z,30,24/08/2025,68A2FA6D
23,2025-08-24T03:05:36.206Z,2025-08-24T03:06:13.011Z,120,24/08/2025,68A2FA6D
24,2025-08-24T03:06:48.826Z,2025-08-24T03:07:18.455Z,90,24/08/2025,68A2FA6D
25,2025-08-24T03:07:55.420Z,2025-08-24T03:08:22.351Z,120,24/08/2025,68A2FA6D
26,2025-08-24T03:08:59.275Z,2025-08-24T03:09:35.838Z,120,24/08/2025,68A2FA6D
27,2025-08-24T03:10:23.721Z,2025-08-24T03:11:01.355Z,60,24/08/2025,68A2FA6D
28,2025-08-24T03:11:12.380Z,2025-08-24T03:11:49.866Z,90,24/08/2025,68A2FA6D
29,2025-08-24T03:14:28.271Z,2025-08-24T03:14:31.598Z,0,24/08/2025,68A2FA6D
30,2025-08-24T03:14:41.059Z,2025-08-24T03:15:10.208Z,90,24/08/2025,68A2FA6D
31,2025-08-24T03:15:23.958Z,2025-08-24T03:15:49.056Z,90,24/08/2025,68A2FA6D
32,2025-08-24T03:17:26.199Z,2025-08-24T03:17:57.485Z,90,24/08/2025,68A2FA6D
33,2025-08-24T03:18:04.501Z,2025-08-24T03:18:26.271Z,60,24/08/2025,68A2FA6D
34,2025-08-24T03:18:56.647Z,2025-08-24T03:19:01.139Z,-30,24/08/2025,68A2FA6D
35,2025-08-24T03:20:52.915Z,2025-08-24T03:21:33.971Z,60,24/08/2025,68A2FA6D
36,2025-08-24T03:23:46.289Z,2025-08-24T03:24:12.881Z,60,24/08/2025,68A2FA6D
37,2025-08-24T03:24:32.407Z,2025-08-24T03:24:57.304Z,90,24/08/2025,68A2FA6D
38,2025-08-24T03:26:08.628Z,2025-08-24T03:26:31.989Z,60,24/08/2025,68A2FA6D
39,2025-08-24T03:27:58.709Z,2025-08-24T03:28:26.414Z,90,24/08/2025,68A2FA6D
40,2025-08-24T03:31:48.597Z,2025-08-24T03:32:18.826Z,120,24/08/2025,68A2FA6D
41,2025-08-24T03:32:29.825Z,2025-08-24T03:32:34.665Z,60,24/08/2025,68A2FA6D
42,2025-08-24T03:35:26.057Z,2025-08-24T03:35:42.909Z,60,24/08/2025,68A2FA6D
43,2025-08-24T03:36:16.387Z,2025-08-24T03:36:30.525Z,0,24/08/2025,68A2FA6D
44,2025-08-24T03:36:46.963Z,2025-08-24T03:37:01.250Z,60,24/08/2025,68A2FA6D
45,2025-08-24T03:37:12.582Z,2025-08-24T03:37:24.503Z,30,24/08/2025,68A2FA6D
46,2025-08-24T03:39:31.902Z,2025-08-24T03:39:52.149Z,90,24/08/2025,68A2FA6D
47,2025-08-24T03:40:27.150Z,2025-08-24T03:41:16.383Z,90,24/08/2025,68A2FA6D
48,2025-08-24T03:42:01.888Z,2025-08-24T03:42:28.830Z,30,24/08/2025,68A2FA6D
49,2025-08-24T03:43:02.401Z,2025-08-24T03:43:47.290Z,60,24/08/2025,68A2FA6D
50,2025-08-24T03:47:19.765Z,2025-08-24T03:47:49.060Z,0,24/08/2025,68A2FA6D
51,2025-08-24T03:49:20.070Z,2025-08-24T03:49:56.486Z,30,24/08/2025,68A2FA6D
52,2025-08-24T03:53:01.151Z,2025-08-24T03:53:34.602Z,0,24/08/2025,68A2FA6D
53,2025-08-24T03:56:59.766Z,2025-08-24T03:57:29.956Z,90,24/08/2025,68A2FA6D
54,2025-08-24T03:58:15.595Z,2025-08-24T03:58:48.791Z,60,24/08/2025,68A2FA6D
55,2025-08-24T04:00:46.555Z,2025-08-24T04:01:21.355Z,60,24/08/2025,68A2FA6D
56,2025-08-24T04:04:42.939Z,2025-08-24T04:04:57.266Z,0,24/08/2025,68A2FA6D
57,2025-08-24T04:06:05.956Z,2025-08-24T04:06:33.727Z,60,24/08/2025,68A2FA6D
58,2025-08-24T04:08:33.068Z,2025-08-24T04:08:57.378Z,30,24/08/2025,68A2FA6D
59,2025-08-24T04:09:48.375Z,2025-08-24T04:10:25.434Z,90,24/08/2025,68A2FA6D
60,2025-08-24T04:11:13.998Z,2025-08-24T04:11:45.552Z,30,24/08/2025,68A2FA6D
61,2025-08-24T04:12:35.265Z,2025-08-24T04:12:46.451Z,30,24/08/2025,68A2FA6D
62,2025-08-24T04:13:40.134Z,2025-08-24T04:14:05.727Z,90,24/08/2025,68A2FA6D
63,2025-08-24T04:14:11.500Z,2025-08-24T04:14:22.045Z,0,24/08/2025,68A2FA6D
64,2025-08-24T04:15:34.798Z,2025-08-24T04:16:02.956Z,90,24/08/2025,68A2FA6D
65,2025-08-24T04:17:20.976Z,2025-08-24T04:17:41.397Z,90,24/08/2025,68A2FA6D
66,2025-08-24T04:18:15.876Z,2025-08-24T04:18:41.856Z,90,24/08/2025,68A2FA6D
67,2025-08-24T04:19:47.406Z,2025-08-24T04:20:26.603Z,0,24/08/2025,68A2FA6D
68,2025-08-24T04:20:49.416Z,2025-08-24T04:21:25.873Z,0,24/08/2025,68A2FA6D
69,2025-08-24T04:21:56.369Z,2025-08-24T04:22:19.837Z,90,24/08/2025,68A2FA6D
70,2025-08-24T04:22:51.778Z,2025-08-24T04:22:55.105Z,30,24/08/2025,68A2FA6D
71,2025-08-24T04:23:23.249Z,2025-08-24T04:24:05.561Z,90,24/08/2025,68A2FA6D
72,2025-08-24T04:25:21.641Z,2025-08-24T04:25:25.091Z,30,24/08/2025,68A2FA6D
73,2025-08-24T04:26:54.469Z,2025-08-24T04:27:34.936Z,30,24/08/2025,68A2FA6D
74,2025-08-24T04:28:00.635Z,2025-08-24T04:28:40.031Z,30,24/08/2025,68A2FA6D
75,2025-08-24T04:30:38.958Z,2025-08-24T04:31:15.443Z,30,24/08/2025,68A2FA6D
76,2025-08-24T04:31:38.375Z,2025-08-24T04:32:14.659Z,120,24/08/2025,68A2FA6D
77,2025-08-24T04:33:04.520Z,2025-08-24T04:33:41.271Z,0,24/08/2025,68A2FA6D
78,2025-08-24T04:33:50.933Z,2025-08-24T04:34:23.288Z,30,24/08/2025,68A2FA6D
79,2025-08-24T04:35:01.629Z,2025-08-24T04:35:31.525Z,60,24/08/2025,68A2FA6D
80,2025-08-24T04:35:44.287Z,2025-08-24T04:36:11.510Z,90,24/08/2025,68A2FA6D
81,2025-08-24T04:36:29.618Z,2025-08-24T04:37:04.753Z,90,24/08/2025,68A2FA6D
82,2025-08-24T04:37:40.515Z,2025-08-24T04:38:05.479Z,0,24/08/2025,68A2FA6D
83,2025-08-24T04:38:23.721Z,2025-08-24T04:38:53.804Z,0,24/08/2025,68A2FA6D
84,2025-08-24T04:40:45.755Z,2025-08-24T04:41:24.899Z,60,24/08/2025,68A2FA6D
85,2025-08-24T04:41:45.398Z,2025-08-24T04:42:15.976Z,60,24/08/2025,68A2FA6D
86,2025-08-24T04:44:59.712Z,2025-08-24T04:45:15.551Z,-30,24/08/2025,68A2FA6D
87,2025-08-24T04:45:24.729Z,2025-08-24T04:45:54.184Z,60,24/08/2025,68A2FA6D
88,2025-08-24T04:46:05.811Z,2025-08-24T04:46:58.371Z,-40,24/08/2025,68A2FA6D
89,2025-08-24T04:47:56.064Z,2025-08-24T04:48:27.337Z,90,24/08/2025,68A2FA6D
90,2025-08-24T04:50:09.612Z,2025-08-24T04:50:34.215Z,90,24/08/2025,68A2FA6D
91,2025-08-24T04:50:48.875Z,2025-08-24T04:51:13.772Z,120,24/08/2025,68A2FA6D
92,2025-08-24T04:51:54.800Z,2025-08-24T04:52:18.762Z,120,24/08/2025,68A2FA6D
93,2025-08-24T04:52:52.480Z,2025-08-24T04:53:15.092Z,90,24/08/2025,68A2FA6D
94,2025-08-24T04:53:24.554Z,2025-08-24T04:53:48.903Z,120,24/08/2025,68A2FA6D
95,2025-08-24T04:54:08.187Z,2025-08-24T04:54:42.680Z,120,24/08/2025,68A2FA6D
96,2025-08-24T04:54:51.780Z,2025-08-24T04:55:20.821Z,60,24/08/2025,68A2FA6D
97,2025-08-24T04:55:30.216Z,2025-08-24T04:56:04.642Z,90,24/08/2025,68A2FA6D
98,2025-08-24T04:58:46.481Z,2025-08-24T04:59:18.555Z,120,24/08/2025,68A2FA6D
99,2025-08-24T04:59:35.313Z,2025-08-24T04:59:46.072Z,30,24/08/2025,68A2FA6D
100,2025-08-24T04:59:54.757Z,2025-08-24T05:00:14.764Z,0,24/08/2025,68A2FA6D
101,2025-08-24T05:01:16.466Z,2025-08-24T05:01:48.192Z,120,24/08/2025,68A2FA6D
102,2025-08-24T05:04:07.793Z,2025-08-24T05:04:10.974Z,30,24/08/2025,68A2FA6D
103,2025-08-24T05:04:17.990Z,2025-08-24T05:04:54.180Z,60,24/08/2025,68A2FA6D
104,2025-08-24T05:05:02.919Z,2025-08-24T05:05:22.258Z,30,24/08/2025,68A2FA6D
105,2025-08-24T05:06:04.461Z,2025-08-24T05:06:25.537Z,30,24/08/2025,68A2FA6D
106,2025-08-24T05:06:31.350Z,2025-08-24T05:06:39.289Z,-30,24/08/2025,68A2FA6D
107,2025-08-24T05:06:50.808Z,2025-08-24T05:07:27.012Z,-45,24/08/2025,68A2FA6D
108,2025-08-24T05:08:37.025Z,2025-08-24T05:08:58.355Z,60,24/08/2025,68A2FA6D
109,2025-08-24T05:09:02.444Z,2025-08-24T05:09:06.052Z,30,24/08/2025,68A2FA6D
110,2025-08-24T05:11:35.356Z,2025-08-24T05:12:00.935Z,120,24/08/2025,68A2FA6D
111,2025-08-24T05:14:24.505Z,2025-08-24T05:14:53.305Z,120,24/08/2025,68A2FA6D
112,2025-08-24T05:15:57.318Z,2025-08-24T05:16:28.911Z,90,24/08/2025,68A2FA6D
113,2025-08-24T05:18:20.488Z,2025-08-24T05:19:03.307Z,0,24/08/2025,68A2FA6D
114,2025-08-24T05:19:34.352Z,2025-08-24T05:20:16.555Z,0,24/08/2025,68A2FA6D
115,2025-08-24T05:20:59.801Z,2025-08-24T05:21:39.092Z,90,24/08/2025,68A2FA6D
116,2025-08-24T05:23:55.659Z,2025-08-24T05:24:18.313Z,0,24/08/2025,68A2FA6D
117,2025-08-24T05:24:28.027Z,2025-08-24T05:24:49.145Z,60,24/08/2025,68A2FA6D
118,2025-08-24T05:26:20.433Z,2025-08-24T05:27:25.101Z,-30,24/08/2025,68A2FA6D
119,2025-08-24T05:27:50.748Z,2025-08-24T05:28:14.160Z,120,24/08/2025,68A2FA6D
120,2025-08-24T05:28:27.872Z,2025-08-24T05:28:40.582Z,0,24/08/2025,68A2FA6D
121,2025-08-24T05:28:48.720Z,2025-08-24T05:28:53.130Z,30,24/08/2025,68A2FA6D
122,2025-08-24T05:29:00.627Z,2025-08-24T05:29:19.792Z,60,24/08/2025,68A2FA6D
123,2025-08-24T05:29:25.578Z,2025-08-24T05:29:29.814Z,30,24/08/2025,68A2FA6D
124,2025-08-24T05:29:38.153Z,2025-08-24T05:29:48.658Z,0,24/08/2025,68A2FA6D
125,2025-08-24T05:31:43.508Z,2025-08-24T05:31:55.256Z,60,24/08/2025,68A2FA6D
126,2025-08-24T05:32:02.592Z,2025-08-24T05:32:09.261Z,0,24/08/2025,68A2FA6D
127,2025-08-24T05:32:13.391Z,2025-08-24T05:32:24.657Z,0,24/08/2025,68A2FA6D
128,2025-08-24T05:32:42.925Z,2025-08-24T05:33:14.252Z,60,24/08/2025,68A2FA6D
129,2025-08-24T05:33:37.892Z,2025-08-24T05:34:07.199Z,120,24/08/2025,68A2FA6D
130,2025-08-24T05:34:22.167Z,2025-08-24T05:34:43.964Z,120,24/08/2025,68A2FA6D
131,2025-08-24T05:36:23.793Z,2025-08-24T05:36:56.283Z,90,24/08/2025,68A2FA6D
132,2025-08-24T05:37:10.461Z,2025-08-24T05:37:34.209Z,120,24/08/2025,68A2FA6D
133,2025-08-24T05:38:05.948Z,2025-08-24T05:38:45.720Z,60,24/08/2025,68A2FA6D
134,2025-08-24T05:39:07.410Z,2025-08-24T05:39:28.498Z,30,24/08/2025,68A2FA6D
135,2025-08-24T05:39:45.459Z,2025-08-24T05:39:48.745Z,-30,24/08/2025,68A2FA6D
136,2025-08-24T05:40:04.661Z,2025-08-24T05:40:45.074Z,120,24/08/2025,68A2FA6D
137,2025-08-24T05:40:57.436Z,2025-08-24T05:41:24.525Z,120,24/08/2025,68A2FA6D
138,2025-08-24T05:43:24.294Z,2025-08-24T05:43:39.690Z,30,24/08/2025,68A2FA6D
139,2025-08-24T05:44:30.673Z,2025-08-24T05:44:51.976Z,120,24/08/2025,68A2FA6D
140,2025-08-24T05:45:26.722Z,2025-08-24T05:45:52.862Z,120,24/08/2025,68A2FA6D
141,2025-08-24T05:46:04.730Z,2025-08-24T05:46:19.125Z,60,24/08/2025,68A2FA6D
142,2025-08-24T05:46:58.734Z,2025-08-24T05:47:17.631Z,30,24/08/2025,68A2FA6D
143,2025-08-24T05:47:26.277Z,2025-08-24T05:47:47.099Z,60,24/08/2025,68A2FA6D
144,2025-08-24T05:48:14.990Z,2025-08-24T05:48:35.877Z,60,24/08/2025,68A2FA6D
145,2025-08-24T05:50:36.755Z,2025-08-24T05:50:49.198Z,90,24/08/2025,68A2FA6D
146,2025-08-24T05:50:59.929Z,2025-08-24T05:51:22.782Z,120,24/08/2025,68A2FA6D
147,2025-08-24T05:52:13.525Z,2025-08-24T05:52:52.256Z,30,24/08/2025,68A2FA6D
148,2025-08-24T05:56:25.785Z,2025-08-24T05:57:00.224Z,90,24/08/2025,68A2FA6D
149,2025-08-24T05:57:42.616Z,2025-08-24T05:58:11.723Z,90,24/08/2025,68A2FA6D
150,2025-08-24T06:00:07.829Z,2025-08-24T06:00:55.741Z,0,24/08/2025,68A2FA6D
151,2025-08-24T06:01:05.201Z,2025-08-24T06:01:24.633Z,0,24/08/2025,68A2FA6D
152,2025-08-24T06:02:15.203Z,2025-08-24T06:02:39.058Z,120,24/08/2025,68A2FA6D
153,2025-08-24T06:04:11.403Z,2025-08-24T06:04:28.603Z,30,24/08/2025,68A2FA6D
154,2025-08-24T06:04:37.744Z,2025-08-24T06:05:02.120Z,90,24/08/2025,68A2FA6D
155,2025-08-24T06:06:17.613Z,2025-08-24T06:06:48.659Z,60,24/08/2025,68A2FA6D
156,2025-08-24T06:07:48.663Z,2025-08-24T06:08:20.523Z,10,24/08/2025,68A2FA6D
157,2025-08-24T06:09:48.846Z,2025-08-24T06:10:15.000Z,60,24/08/2025,68A2FA6D
158,2025-08-24T06:10:19.356Z,2025-08-24T06:10:41.461Z,90,24/08/2025,68A2FA6D
159,2025-08-24T06:11:35.064Z,2025-08-24T06:11:39.742Z,30,24/08/2025,68A2FA6D
160,2025-08-24T06:11:54.135Z,2025-08-24T06:12:23.081Z,0,24/08/2025,68A2FA6D
161,2025-08-24T06:13:18.863Z,2025-08-24T06:13:44.909Z,90,24/08/2025,68A2FA6D
162,2025-08-24T06:13:59.462Z,2025-08-24T06:14:20.605Z,120,24/08/2025,68A2FA6D
163,2025-08-24T06:22:18.076Z,2025-08-24T06:22:53.277Z,120,24/08/2025,68A2FA6D
164,2025-08-24T06:23:58.708Z,2025-08-24T06:24:13.462Z,30,24/08/2025,68A2FA6D
165,2025-08-24T06:24:33.281Z,2025-08-24T06:25:04.019Z,120,24/08/2025,68A2FA6D
166,2025-08-24T06:25:25.186Z,2025-08-24T06:25:34.729Z,30,24/08/2025,68A2FA6D
167,2025-08-24T06:28:26.925Z,2025-08-24T06:28:37.256Z,30,24/08/2025,68A2FA6D
168,2025-08-24T06:28:50.967Z,2025-08-24T06:29:23.656Z,90,24/08/2025,68A2FA6D
169,2025-08-24T06:30:15.882Z,2025-08-24T06:30:58.340Z,0,24/08/2025,68A2FA6D
170,2025-08-24T06:31:10.527Z,2025-08-24T06:31:56.354Z,30,24/08/2025,68A2FA6D
171,2025-08-24T06:32:40.094Z,2025-08-24T06:33:22.364Z,35,24/08/2025,68A2FA6D
172,2025-08-24T06:33:34.753Z,2025-08-24T06:33:39.270Z,30,24/08/2025,68A2FA6D
173,2025-08-24T06:33:53.824Z,2025-08-24T06:34:14.444Z,120,24/08/2025,68A2FA6D
174,2025-08-24T06:34:25.002Z,2025-08-24T06:34:46.866Z,60,24/08/2025,68A2FA6D
175,2025-08-24T06:35:44.639Z,2025-08-24T06:36:11.527Z,90,24/08/2025,68A2FA6D
176,2025-08-24T06:36:23.676Z,2025-08-24T06:36:47.129Z,120,24/08/2025,68A2FA6D
177,2025-08-24T06:37:59.135Z,2025-08-24T06:38:18.740Z,-30,24/08/2025,68A2FA6D
178,2025-08-24T06:39:42.652Z,2025-08-24T06:39:51.286Z,-30,24/08/2025,68A2FA6D
179,2025-08-24T06:40:23.106Z,2025-08-24T06:40:33.623Z,60,24/08/2025,68A2FA6D
180,2025-08-24T06:40:47.388Z,2025-08-24T06:41:24.835Z,90,24/08/2025,68A2FA6D
181,2025-08-24T06:41:45.977Z,2025-08-24T06:42:18.077Z,90,24/08/2025,68A2FA6D
182,2025-08-24T06:43:37.540Z,2025-08-24T06:44:00.512Z,120,24/08/2025,68A2FA6D
183,2025-08-24T06:45:09.591Z,2025-08-24T06:45:45.314Z,60,24/08/2025,68A2FA6D
184,2025-08-24T06:46:53.524Z,2025-08-24T06:47:21.388Z,0,24/08/2025,68A2FA6D
185,2025-08-24T06:47:32.640Z,2025-08-24T06:47:59.142Z,-30,24/08/2025,68A2FA6D
186,2025-08-24T06:49:09.236Z,2025-08-24T06:49:45.145Z,120,24/08/2025,68A2FA6D
187,2025-08-24T06:50:13.665Z,2025-08-24T06:50:43.574Z,120,24/08/2025,68A2FA6D
188,2025-08-24T06:51:06.532Z,2025-08-24T06:51:38.059Z,60,24/08/2025,68A2FA6D
189,2025-08-24T06:52:01.378Z,2025-08-24T06:52:29.243Z,-30,24/08/2025,68A2FA6D
190,2025-08-24T06:54:00.453Z,2025-08-24T06:54:40.585Z,60,24/08/2025,68A2FA6D
191,2025-08-24T06:54:49.046Z,2025-08-24T06:54:52.293Z,0,24/08/2025,68A2FA6D
192,2025-08-24T06:55:14.302Z,2025-08-24T06:55:49.919Z,120,24/08/2025,68A2FA6D
193,2025-08-24T06:56:57.019Z,2025-08-24T06:57:36.069Z,30,24/08/2025,68A2FA6D
194,2025-08-24T06:57:59.283Z,2025-08-24T06:58:02.504Z,30,24/08/2025,68A2FA6D
195,2025-08-24T06:58:10.189Z,2025-08-24T06:58:33.442Z,60,24/08/2025,68A2FA6D
196,2025-08-24T06:58:54.529Z,2025-08-24T06:59:12.410Z,60,24/08/2025,68A2FA6D
197,2025-08-24T06:59:21.631Z,2025-08-24T06:59:54.668Z,0,24/08/2025,68A2FA6D
198,2025-08-24T07:00:26.474Z,2025-08-24T07:00:57.265Z,30,24/08/2025,68A2FA6D
199,2025-08-24T07:05:34.383Z,2025-08-24T07:06:01.486Z,60,24/08/2025,68A2FA6D
200,2025-08-24T07:06:15.517Z,2025-08-24T07:06:39.960Z,30,24/08/2025,68A2FA6D
201,2025-08-24T07:07:18.542Z,2025-08-24T07:07:49.400Z,120,24/08/2025,68A2FA6D
202,2025-08-24T07:09:29.671Z,2025-08-24T07:10:03.749Z,30,24/08/2025,68A2FA6D
203,2025-08-24T07:10:46.046Z,2025-08-24T07:11:18.294Z,0,24/08/2025,68A2FA6D
204,2025-08-24T07:12:51.429Z,2025-08-24T07:13:25.987Z,60,24/08/2025,68A2FA6D
205,2025-08-24T07:13:51.285Z,2025-08-24T07:14:19.900Z,90,24/08/2025,68A2FA6D
206,2025-08-24T07:18:38.987Z,2025-08-24T07:19:01.346Z,30,24/08/2025,68A2FA6D
207,2025-08-24T07:19:44.525Z,2025-08-24T07:20:14.408Z,120,24/08/2025,68A2FA6D
208,2025-08-24T07:21:29.072Z,2025-08-24T07:21:58.153Z,120,24/08/2025,68A2FA6D
209,2025-08-24T07:23:47.833Z,2025-08-24T07:24:23.676Z,90,24/08/2025,68A2FA6D
210,2025-08-24T07:24:37.238Z,2025-08-24T07:24:56.764Z,30,24/08/2025,68A2FA6D
211,2025-08-24T07:26:05.828Z,2025-08-24T07:26:38.263Z,60,24/08/2025,68A2FA6D
212,2025-08-24T07:26:58.764Z,2025-08-24T07:27:29.236Z,90,24/08/2025,68A2FA6D
213,2025-08-24T07:30:57.460Z,2025-08-24T07:31:28.585Z,90,24/08/2025,68A2FA6D
214,2025-08-24T07:32:13.006Z,2025-08-24T07:32:40.617Z,90,24/08/2025,68A2FA6D
215,2025-08-24T07:33:05.714Z,2025-08-24T07:33:21.003Z,60,24/08/2025,68A2FA6D
216,2025-08-24T07:33:30.732Z,2025-08-24T07:33:46.663Z,60,24/08/2025,68A2FA6D
217,2025-08-24T07:34:00.494Z,2025-08-24T07:34:31.271Z,60,24/08/2025,68A2FA6D
218,2025-08-24T07:34:51.037Z,2025-08-24T07:35:14.852Z,90,24/08/2025,68A2FA6D
219,2025-08-24T07:35:20.625Z,2025-08-24T07:35:44.601Z,120,24/08/2025,68A2FA6D
220,2025-08-24T07:35:52.458Z,2025-08-24T07:36:31.643Z,-15,24/08/2025,68A2FA6D
221,2025-08-24T07:36:43.497Z,2025-08-24T07:37:11.199Z,60,24/08/2025,68A2FA6D
222,2025-08-24T07:37:21.984Z,2025-08-24T07:37:46.962Z,120,24/08/2025,68A2FA6D
223,2025-08-24T07:38:37.919Z,2025-08-24T07:38:59.368Z,0,24/08/2025,68A2FA6D
224,2025-08-24T07:39:16.381Z,2025-08-24T07:39:44.913Z,120,24/08/2025,68A2FA6D
225,2025-08-24T07:40:09.343Z,2025-08-24T07:40:31.193Z,60,24/08/2025,68A2FA6D
226,2025-08-24T07:41:36.409Z,2025-08-24T07:41:43.307Z,30,24/08/2025,68A2FA6D
227,2025-08-24T07:41:52.286Z,2025-08-24T07:42:11.972Z,30,24/08/2025,68A2FA6D
228,2025-08-24T07:43:17.883Z,2025-08-24T07:43:47.378Z,-30,24/08/2025,68A2FA6D
229,2025-08-24T07:43:57.440Z,2025-08-24T07:44:32.682Z,0,24/08/2025,68A2FA6D
230,2025-08-24T07:44:43.173Z,2025-08-24T07:45:06.226Z,30,24/08/2025,68A2FA6D
231,2025-08-24T07:46:34.629Z,2025-08-24T07:47:00.048Z,90,24/08/2025,68A2FA6D
232,2025-08-24T07:49:42.354Z,2025-08-24T07:50:14.789Z,90,24/08/2025,68A2FA6D
233,2025-08-24T07:50:45.941Z,2025-08-24T07:51:06.308Z,60,24/08/2025,68A2FA6D
234,2025-08-24T07:51:20.420Z,2025-08-24T07:51:45.879Z,90,24/08/2025,68A2FA6D
235,2025-08-24T07:52:36.862Z,2025-08-24T07:53:00.571Z,90,24/08/2025,68A2FA6D
236,2025-08-24T07:54:34.894Z,2025-08-24T07:55:12.835Z,90,24/08/2025,68A2FA6D
237,2025-08-24T07:56:31.401Z,2025-08-24T07:57:04.131Z,60,24/08/2025,68A2FA6D
238,2025-08-24T07:57:13.538Z,2025-08-24T07:57:40.120Z,120,24/08/2025,68A2FA6D
239,2025-08-24T07:59:54.322Z,2025-08-24T08:00:14.756Z,60,24/08/2025,68A2FA6D
240,2025-08-24T08:00:22.306Z,2025-08-24T08:00:30.031Z,120,24/08/2025,68A2FA6D
241,2025-08-24T08:01:08.599Z,2025-08-24T08:01:30.730Z,120,24/08/2025,68A2FA6D
242,2025-08-24T08:02:18.921Z,2025-08-24T08:02:43.979Z,90,24/08/2025,68A2FA6D
243,2025-08-24T08:03:05.468Z,2025-08-24T08:03:29.526Z,120,24/08/2025,68A2FA6D
244,2025-08-24T08:04:10.017Z,2025-08-24T08:04:35.075Z,90,24/08/2025,68A2FA6D
245,2025-08-24T08:04:42.465Z,2025-08-24T08:05:10.984Z,60,24/08/2025,68A2FA6D
246,2025-08-24T08:05:16.436Z,2025-08-24T08:05:40.773Z,120,24/08/2025,68A2FA6D
247,2025-08-24T08:05:53.923Z,2025-08-24T08:06:15.011Z,120,24/08/2025,68A2FA6D
248,2025-08-24T08:06:59.822Z,2025-08-24T08:07:28.060Z,120,24/08/2025,68A2FA6D
249,2025-08-24T08:07:37.026Z,2025-08-24T08:07:52.823Z,-30,24/08/2025,68A2FA6D
250,2025-08-24T08:08:08.271Z,2025-08-24T08:08:18.924Z,30,24/08/2025,68A2FA6D
251,2025-08-24T08:08:51.117Z,2025-08-24T08:09:19.676Z,120,24/08/2025,68A2FA6D
252,2025-08-24T08:09:37.477Z,2025-08-24T08:09:57.884Z,60,24/08/2025,68A2FA6D
253,2025-08-24T08:10:09.711Z,2025-08-24T08:10:21.378Z,-30,24/08/2025,68A2FA6D
254,2025-08-24T08:10:24.852Z,2025-08-24T08:10:33.166Z,60,24/08/2025,68A2FA6D
255,2025-08-24T08:10:36.118Z,2025-08-24T08:10:45.594Z,30,24/08/2025,68A2FA6D
256,2025-08-24T08:10:49.496Z,2025-08-24T08:11:00.883Z,90,24/08/2025,68A2FA6D
257,2025-08-24T08:11:08.353Z,2025-08-24T08:11:26.942Z,60,24/08/2025,68A2FA6D
258,2025-08-24T08:11:34.880Z,2025-08-24T08:11:46.922Z,60,24/08/2025,68A2FA6D
259,2025-08-24T08:11:54.164Z,2025-08-24T08:12:01.435Z,90,24/08/2025,68A2FA6D
260,2025-08-24T08:12:09.720Z,2025-08-24T08:12:30.248Z,90,24/08/2025,68A2FA6D
261,2025-08-24T08:12:35.713Z,2025-08-24T08:12:59.369Z,90,24/08/2025,68A2FA6D
262,2025-08-24T08:13:18.679Z,2025-08-24T08:13:39.006Z,30,24/08/2025,68A2FA6D
263,2025-08-24T08:13:43.175Z,2025-08-24T08:14:06.669Z,90,24/08/2025,68A2FA6D
264,2025-08-24T08:14:15.129Z,2025-08-24T08:14:20.074Z,30,24/08/2025,68A2FA6D
265,2025-08-24T08:15:09.253Z,2025-08-24T08:15:36.463Z,0,24/08/2025,68A2FA6D
266,2025-08-24T08:15:46.967Z,2025-08-24T08:16:07.949Z,-30,24/08/2025,68A2FA6D
267,2025-08-24T08:16:36.040Z,2025-08-24T08:16:40.905Z,30,24/08/2025,68A2FA6D
268,2025-08-24T08:16:52.397Z,2025-08-24T08:17:27.520Z,120,24/08/2025,68A2FA6D
269,2025-08-24T08:20:55.289Z,2025-08-24T08:21:26.148Z,0,24/08/2025,68A2FA6D
270,2025-08-24T08:21:36.264Z,2025-08-24T08:22:06.333Z,120,24/08/2025,68A2FA6D
271,2025-08-24T08:23:02.528Z,2025-08-24T08:23:19.609Z,30,24/08/2025,68A2FA6D
272,2025-08-24T08:23:49.356Z,2025-08-24T08:24:17.315Z,60,24/08/2025,68A2FA6D
273,2025-08-24T08:25:41.388Z,2025-08-24T08:25:49.995Z,90,24/08/2025,68A2FA6D
274,2025-08-24T08:26:21.988Z,2025-08-24T08:26:49.932Z,60,24/08/2025,68A2FA6D
275,2025-08-24T08:28:05.773Z,2025-08-24T08:28:29.067Z,90,24/08/2025,68A2FA6D
276,2025-08-24T08:28:34.933Z,2025-08-24T08:28:56.945Z,120,24/08/2025,68A2FA6D
277,2025-08-24T08:29:13.261Z,2025-08-24T08:29:35.353Z,30,24/08/2025,68A2FA6D
278,2025-08-24T08:29:41.086Z,2025-08-24T08:30:01.440Z,120,24/08/2025,68A2FA6D
279,2025-08-24T08:33:33.888Z,2025-08-24T08:34:10.092Z,35,24/08/2025,68A2FA6D
280,2025-08-24T08:36:52.906Z,2025-08-24T08:37:19.741Z,120,24/08/2025,68A2FA6D
281,2025-08-24T08:42:49.847Z,2025-08-24T08:43:19.315Z,60,24/08/2025,68A2FA6D
282,2025-08-24T08:44:33.098Z,2025-08-24T08:44:54.013Z,0,24/08/2025,68A2FA6D
283,2025-08-24T08:45:03.408Z,2025-08-24T08:45:22.318Z,60,24/08/2025,68A2FA6D
284,2025-08-24T08:46:03.091Z,2025-08-24T08:46:06.179Z,30,24/08/2025,68A2FA6D
285,2025-08-24T08:46:22.696Z,2025-08-24T08:46:37.371Z,60,24/08/2025,68A2FA6D
286,2025-08-24T08:47:24.733Z,2025-08-24T08:47:36.587Z,60,24/08/2025,68A2FA6D
287,2025-08-24T08:47:42.761Z,2025-08-24T08:47:57.969Z,30,24/08/2025,68A2FA6D
288,2025-08-24T08:49:39.121Z,2025-08-24T08:49:44.763Z,30,24/08/2025,68A2FA6D
289,2025-08-24T08:49:52.339Z,2025-08-24T08:49:57.030Z,90,24/08/2025,68A2FA6D
290,2025-08-24T08:50:00.571Z,2025-08-24T08:50:02.977Z,30,24/08/2025,68A2FA6D
291,2025-08-24T08:51:01.953Z,2025-08-24T08:51:36.218Z,90,24/08/2025,68A2FA6D
292,2025-08-24T08:53:05.222Z,2025-08-24T08:53:13.896Z,-30,24/08/2025,68A2FA6D
293,2025-08-24T08:53:25.910Z,2025-08-24T08:53:57.837Z,0,24/08/2025,68A2FA6D
294,2025-08-24T08:54:16.720Z,2025-08-24T08:54:38.691Z,120,24/08/2025,68A2FA6D
295,2025-08-24T08:54:51.467Z,2025-08-24T08:55:15.896Z,90,24/08/2025,68A2FA6D
296,2025-08-24T08:55:29.234Z,2025-08-24T08:55:52.087Z,90,24/08/2025,68A2FA6D
297,2025-08-24T08:56:14.779Z,2025-08-24T08:56:48.430Z,120,24/08/2025,68A2FA6D
298,2025-08-24T08:58:47.744Z,2025-08-24T08:59:11.545Z,60,24/08/2025,68A2FA6D
299,2025-08-24T08:59:18.936Z,2025-08-24T08:59:39.449Z,90,24/08/2025,68A2FA6D
300,2025-08-24T09:00:37.824Z,2025-08-24T09:00:54.637Z,60,24/08/2025,68A2FA6D
301,2025-08-24T09:01:03.817Z,2025-08-24T09:01:15.752Z,30,24/08/2025,68A2FA6D
302,2025-08-24T09:01:21.738Z,2025-08-24T09:01:40.943Z,90,24/08/2025,68A2FA6D
303,2025-08-24T09:01:46.742Z,2025-08-24T09:02:05.399Z,60,24/08/2025,68A2FA6D
304,2025-08-24T09:03:49.117Z,2025-08-24T09:04:15.659Z,120,24/08/2025,68A2FA6D
305,2025-08-24T09:05:06.776Z,2025-08-24T09:05:29.776Z,0,24/08/2025,68A2FA6D
306,2025-08-24T09:05:39.718Z,2025-08-24T09:05:46.909Z,60,24/08/2025,68A2FA6D
307,2025-08-24T09:06:02.423Z,2025-08-24T09:06:18.808Z,90,24/08/2025,68A2FA6D
308,2025-08-24T09:06:49.452Z,2025-08-24T09:07:05.569Z,0,24/08/2025,68A2FA6D
309,2025-08-24T09:07:15.739Z,2025-08-24T09:07:37.697Z,30,24/08/2025,68A2FA6D
310,2025-08-24T09:08:58.803Z,2025-08-24T09:09:27.750Z,90,24/08/2025,68A2FA6D
311,2025-08-24T09:09:44.788Z,2025-08-24T09:09:53.008Z,30,24/08/2025,68A2FA6D
312,2025-08-24T09:10:40.877Z,2025-08-24T09:11:01.766Z,0,24/08/2025,68A2FA6D
313,2025-08-24T09:11:49.035Z,2025-08-24T09:12:29.662Z,65,24/08/2025,68A2FA6D
314,2025-08-24T09:13:03.098Z,2025-08-24T09:13:49.592Z,35,24/08/2025,68A2FA6D
315,2025-08-24T09:13:57.931Z,2025-08-24T09:14:40.309Z,120,24/08/2025,68A2FA6D
316,2025-08-24T09:14:50.732Z,2025-08-24T09:15:24.183Z,120,24/08/2025,68A2FA6D
317,2025-08-24T09:15:57.526Z,2025-08-24T09:16:26.312Z,120,24/08/2025,68A2FA6D
318,2025-08-24T09:16:46.038Z,2025-08-24T09:17:22.683Z,0,24/08/2025,68A2FA6D
319,2025-08-24T09:18:18.785Z,2025-08-24T09:18:43.147Z,90,24/08/2025,68A2FA6D
320,2025-08-24T09:19:34.880Z,2025-08-24T09:20:00.365Z,120,24/08/2025,68A2FA6D
321,2025-08-24T09:20:47.393Z,2025-08-24T09:21:21.152Z,120,24/08/2025,68A2FA6D
322,2025-08-24T09:22:30.471Z,2025-08-24T09:22:42.578Z,-30,24/08/2025,68A2FA6D
323,2025-08-24T09:23:16.576Z,2025-08-24T09:23:43.921Z,60,24/08/2025,68A2FA6D
324,2025-08-24T09:23:54.864Z,2025-08-24T09:24:13.467Z,90,24/08/2025,68A2FA6D
325,2025-08-24T09:24:20.496Z,2025-08-24T09:24:38.538Z,60,24/08/2025,68A2FA6D
326,2025-08-24T09:24:46.035Z,2025-08-24T09:25:09.118Z,120,24/08/2025,68A2FA6D
327,2025-08-24T09:26:06.742Z,2025-08-24T09:26:30.957Z,90,24/08/2025,68A2FA6D
328,2025-08-24T09:26:41.461Z,2025-08-24T09:27:02.417Z,120,24/08/2025,68A2FA6D
329,2025-08-24T09:28:45.427Z,2025-08-24T09:29:09.268Z,90,24/08/2025,68A2FA6D
330,2025-08-24T09:30:01.628Z,2025-08-24T09:30:34.143Z,120,24/08/2025,68A2FA6D
331,2025-08-24T09:32:03.668Z,2025-08-24T09:32:24.450Z,120,24/08/2025,68A2FA6D
332,2025-08-24T09:33:00.693Z,2025-08-24T09:33:11.158Z,30,24/08/2025,68A2FA6D
333,2025-08-24T09:33:52.960Z,2025-08-24T09:34:31.368Z,120,24/08/2025,68A2FA6D
334,2025-08-24T09:34:47.846Z,2025-08-24T09:35:16.393Z,120,24/08/2025,68A2FA6D
335,2025-08-24T09:35:36.331Z,2025-08-24T09:35:59.933Z,90,24/08/2025,68A2FA6D
336,2025-08-24T09:36:05.144Z,2025-08-24T09:36:08.807Z,0,24/08/2025,68A2FA6D
337,2025-08-24T09:38:07.960Z,2025-08-24T09:38:15.619Z,60,24/08/2025,68A2FA6D
338,2025-08-24T09:38:22.300Z,2025-08-24T09:38:42.279Z,60,24/08/2025,68A2FA6D
339,2025-08-24T09:38:47.157Z,2025-08-24T09:38:51.340Z,60,24/08/2025,68A2FA6D
340,2025-08-24T09:38:59.024Z,2025-08-24T09:39:05.600Z,60,24/08/2025,68A2FA6D
341,2025-08-24T09:39:08.526Z,2025-08-24T09:39:26.542Z,60,24/08/2025,68A2FA6D
342,2025-08-24T09:39:46.226Z,2025-08-24T09:39:55.636Z,0,24/08/2025,68A2FA6D
343,2025-08-24T09:40:02.263Z,2025-08-24T09:40:28.404Z,30,24/08/2025,68A2FA6D
344,2025-08-24T09:40:48.516Z,2025-08-24T09:41:06.077Z,-30,24/08/2025,68A2FA6D
345,2025-08-24T09:41:12.010Z,2025-08-24T09:41:14.978Z,30,24/08/2025,68A2FA6D
346,2025-08-24T09:41:23.317Z,2025-08-24T09:41:59.200Z,90,24/08/2025,68A2FA6D
347,2025-08-24T09:44:17.397Z,2025-08-24T09:44:31.429Z,0,24/08/2025,68A2FA6D
348,2025-08-24T09:47:07.870Z,2025-08-24T09:47:47.935Z,65,24/08/2025,68A2FA6D
349,2025-08-24T09:48:09.090Z,2025-08-24T09:48:22.936Z,30,24/08/2025,68A2FA6D
350,2025-08-24T09:50:49.298Z,2025-08-24T09:51:09.305Z,120,24/08/2025,68A2FA6D
351,2025-08-24T09:53:36.376Z,2025-08-24T09:54:06.192Z,30,24/08/2025,68A2FA6D
352,2025-08-24T09:54:57.950Z,2025-08-24T09:55:07.078Z,0,24/08/2025,68A2FA6D
353,2025-08-24T09:55:14.014Z,2025-08-24T09:55:32.898Z,0,24/08/2025,68A2FA6D
354,2025-08-24T09:56:37.900Z,2025-08-24T09:56:59.176Z,90,24/08/2025,68A2FA6D
355,2025-08-24T09:57:56.869Z,2025-08-24T09:58:34.997Z,60,24/08/2025,68A2FA6D
356,2025-08-24T09:59:03.315Z,2025-08-24T09:59:31.887Z,30,24/08/2025,68A2FA6D
357,2025-08-24T09:59:54.833Z,2025-08-24T10:00:17.446Z,120,24/08/2025,68A2FA6D
358,2025-08-24T10:04:39.515Z,2025-08-24T10:04:54.069Z,90,24/08/2025,68A2FA6D
359,2025-08-24T10:07:29.947Z,2025-08-24T10:08:05.068Z,90,24/08/2025,68A2FA6D
360,2025-08-24T10:09:38.656Z,2025-08-24T10:09:55.041Z,-30,24/08/2025,68A2FA6D
361,2025-08-24T10:11:31.182Z,2025-08-24T10:11:57.482Z,90,24/08/2025,68A2FA6D
362,2025-08-24T10:12:47.116Z,2025-08-24T10:12:59.867Z,0,24/08/2025,68A2FA6D
363,2025-08-24T10:13:08.138Z,2025-08-24T10:13:20.674Z,30,24/08/2025,68A2FA6D
364,2025-08-24T10:18:11.330Z,2025-08-24T10:18:41.078Z,60,24/08/2025,68A2FA6D
365,2025-08-24T10:19:02.660Z,2025-08-24T10:19:31.167Z,120,24/08/2025,68A2FA6D
366,2025-08-24T10:21:01.855Z,2025-08-24T10:21:32.031Z,30,24/08/2025,68A2FA6D
367,2025-08-24T10:21:38.406Z,2025-08-24T10:22:01.539Z,90,24/08/2025,68A2FA6D
368,2025-08-24T10:22:55.356Z,2025-08-24T10:23:27.470Z,90,24/08/2025,68A2FA6D
369,2025-08-24T10:23:50.870Z,2025-08-24T10:24:17.252Z,120,24/08/2025,68A2FA6D
370,2025-08-24T10:25:46.697Z,2025-08-24T10:26:17.541Z,90,24/08/2025,68A2FA6D
371,2025-08-24T10:26:57.860Z,2025-08-24T10:27:38.274Z,30,24/08/2025,68A2FA6D
372,2025-08-24T10:27:54.176Z,2025-08-24T10:28:25.649Z,120,24/08/2025,68A2FA6D
373,2025-08-24T10:29:35.623Z,2025-08-24T10:30:08.847Z,30,24/08/2025,68A2FA6D
374,2025-08-24T10:30:59.924Z,2025-08-24T10:31:31.036Z,120,24/08/2025,68A2FA6D
375,2025-08-24T10:31:45.362Z,2025-08-24T10:32:22.220Z,120,24/08/2025,68A2FA6D
376,2025-08-24T10:32:51.180Z,2025-08-24T10:33:28.145Z,0,24/08/2025,68A2FA6D
377,2025-08-24T10:33:54.405Z,2025-08-24T10:34:17.178Z,90,24/08/2025,68A2FA6D
378,2025-08-24T10:34:34.043Z,2025-08-24T10:35:01.506Z,90,24/08/2025,68A2FA6D
379,2025-08-24T10:37:18.221Z,2025-08-24T10:37:56.389Z,60,24/08/2025,68A2FA6D
380,2025-08-24T10:38:41.733Z,2025-08-24T10:39:05.481Z,120,24/08/2025,68A2FA6D
381,2025-08-24T10:40:16.204Z,2025-08-24T10:40:54.879Z,90,24/08/2025,68A2FA6D
382,2025-08-24T10:41:20.912Z,2025-08-24T10:41:55.913Z,30,24/08/2025,68A2FA6D
383,2025-08-24T10:42:41.164Z,2025-08-24T10:42:52.697Z,30,24/08/2025,68A2FA6D
384,2025-08-24T10:43:20.401Z,2025-08-24T10:43:36.438Z,0,24/08/2025,68A2FA6D
385,2025-08-24T10:43:50.911Z,2025-08-24T10:44:11.279Z,60,24/08/2025,68A2FA6D
386,2025-08-24T10:44:28.920Z,2025-08-24T10:44:47.495Z,30,24/08/2025,68A2FA6D
387,2025-08-24T10:45:06.004Z,2025-08-24T10:45:30.353Z,60,24/08/2025,68A2FA6D
388,2025-08-24T10:47:00.387Z,2025-08-24T10:47:22.879Z,60,24/08/2025,68A2FA6D
389,2025-08-24T10:48:17.324Z,2025-08-24T10:48:40.310Z,60,24/08/2025,68A2FA6D
390,2025-08-24T10:48:50.841Z,2025-08-24T10:49:14.977Z,90,24/08/2025,68A2FA6D
391,2025-08-24T10:50:11.226Z,2025-08-24T10:50:18.723Z,30,24/08/2025,68A2FA6D
392,2025-08-24T10:50:25.298Z,2025-08-24T10:50:37.887Z,30,24/08/2025,68A2FA6D
393,2025-08-24T10:50:43.660Z,2025-08-24T10:51:37.518Z,-35,24/08/2025,68A2FA6D
394,2025-08-24T10:52:46.864Z,2025-08-24T10:53:33.933Z,90,24/08/2025,68A2FA6D
395,2025-08-24T10:54:42.677Z,2025-08-24T10:55:07.174Z,120,24/08/2025,68A2FA6D
396,2025-08-24T10:55:27.634Z,2025-08-24T10:55:48.402Z,30,24/08/2025,68A2FA6D
397,2025-08-24T10:55:54.242Z,2025-08-24T10:56:10.361Z,30,24/08/2025,68A2FA6D
398,2025-08-24T10:56:17.989Z,2025-08-24T10:56:29.457Z,0,24/08/2025,68A2FA6D
399,2025-08-24T10:57:15.081Z,2025-08-24T10:57:50.750Z,120,24/08/2025,68A2FA6D
400,2025-08-24T10:58:30.401Z,2025-08-24T10:59:04.053Z,60,24/08/2025,68A2FA6D
401,2025-08-24T10:59:37.328Z,2025-08-24T11:00:13.559Z,90,24/08/2025,68A2FA6D
402,2025-08-24T11:00:54.252Z,2025-08-24T11:01:29.172Z,60,24/08/2025,68A2FA6D
403,2025-08-24T11:04:53.575Z,2025-08-24T11:05:22.068Z,30,24/08/2025,68A2FA6D
404,2025-08-24T11:10:11.988Z,2025-08-24T11:10:36.004Z,90,24/08/2025,68A2FA6D
405,2025-08-24T11:10:46.187Z,2025-08-24T11:11:10.269Z,120,24/08/2025,68A2FA6D
406,2025-08-24T11:11:30.409Z,2025-08-24T11:11:57.498Z,120,24/08/2025,68A2FA6D
407,2025-08-24T11:12:07.414Z,2025-08-24T11:12:31.670Z,120,24/08/2025,68A2FA6D
408,2025-08-24T11:12:48.094Z,2025-08-24T11:13:24.110Z,120,24/08/2025,68A2FA6D
409,2025-08-24T11:14:04.991Z,2025-08-24T11:14:34.499Z,120,24/08/2025,68A2FA6D
410,2025-08-24T11:15:00.492Z,2025-08-24T11:15:10.061Z,90,24/08/2025,68A2FA6D
411,2025-08-24T11:15:16.074Z,2025-08-24T11:15:25.697Z,60,24/08/2025,68A2FA6D
412,2025-08-24T11:16:10.667Z,2025-08-24T11:16:13.955Z,0,24/08/2025,68A2FA6D
413,2025-08-24T11:16:24.939Z,2025-08-24T11:17:03.589Z,30,24/08/2025,68A2FA6D
414,2025-08-24T11:17:29.287Z,2025-08-24T11:18:12.188Z,0,24/08/2025,68A2FA6D
415,2025-08-24T11:18:49.913Z,2025-08-24T11:19:21.467Z,90,24/08/2025,68A2FA6D
416,2025-08-24T11:20:20.214Z,2025-08-24T11:20:52.048Z,90,24/08/2025,68A2FA6D
417,2025-08-24T11:21:45.129Z,2025-08-24T11:22:15.360Z,120,24/08/2025,68A2FA6D
418,2025-08-24T11:23:40.542Z,2025-08-24T11:24:05.012Z,60,24/08/2025,68A2FA6D
419,2025-08-24T11:25:12.607Z,2025-08-24T11:25:34.244Z,0,24/08/2025,68A2FA6D
420,2025-08-24T11:27:33.277Z,2025-08-24T11:27:49.047Z,120,24/08/2025,68A2FA6D
421,2025-08-24T11:28:24.448Z,2025-08-24T11:28:33.937Z,90,24/08/2025,68A2FA6D
422,2025-08-24T11:29:18.613Z,2025-08-24T11:29:40.089Z,120,24/08/2025,68A2FA6D
423,2025-08-24T11:30:13.779Z,2025-08-24T11:30:17.388Z,-30,24/08/2025,68A2FA6D
424,2025-08-24T11:30:25.727Z,2025-08-24T11:30:43.368Z,120,24/08/2025,68A2FA6D
425,2025-08-24T11:34:13.718Z,2025-08-24T11:34:43.427Z,60,24/08/2025,68A2FA6D
426,2025-08-24T11:35:08.738Z,2025-08-24T11:35:27.261Z,60,24/08/2025,68A2FA6D
427,2025-08-24T11:37:44.323Z,2025-08-24T11:38:01.803Z,30,24/08/2025,68A2FA6D
428,2025-08-24T11:38:46.346Z,2025-08-24T11:39:01.741Z,60,24/08/2025,68A2FA6D
429,2025-08-24T11:39:17.297Z,2025-08-24T11:39:24.848Z,-60,24/08/2025,68A2FA6D
430,2025-08-24T11:39:48.528Z,2025-08-24T11:40:10.820Z,120,24/08/2025,68A2FA6D
431,2025-08-24T11:40:56.204Z,2025-08-24T11:41:25.085Z,60,24/08/2025,68A2FA6D
432,2025-08-24T11:41:54.618Z,2025-08-24T11:41:59.243Z,30,24/08/2025,68A2FA6D
433,2025-08-24T11:42:07.128Z,2025-08-24T11:42:15.988Z,120,24/08/2025,68A2FA6D
434,2025-08-24T11:42:20.438Z,2025-08-24T11:42:50.962Z,70,24/08/2025,68A2FA6D
435,2025-08-24T11:43:20.149Z,2025-08-24T11:43:52.610Z,0,24/08/2025,68A2FA6D
436,2025-08-24T11:44:02.646Z,2025-08-24T11:44:25.659Z,60,24/08/2025,68A2FA6D
437,2025-08-24T11:45:03.146Z,2025-08-24T11:45:32.119Z,-60,24/08/2025,68A2FA6D
438,2025-08-24T11:45:45.510Z,2025-08-24T11:46:09.726Z,60,24/08/2025,68A2FA6D
439,2025-08-24T11:46:19.883Z,2025-08-24T11:46:39.528Z,60,24/08/2025,68A2FA6D
440,2025-08-24T11:46:50.138Z,2025-08-24T11:47:21.972Z,60,24/08/2025,68A2FA6D
441,2025-08-24T11:47:34.921Z,2025-08-24T11:47:49.715Z,-30,24/08/2025,68A2FA6D
442,2025-08-24T11:49:28.463Z,2025-08-24T11:49:55.926Z,30,24/08/2025,68A2FA6D
443,2025-08-24T11:50:08.675Z,2025-08-24T11:50:26.396Z,0,24/08/2025,68A2FA6D
444,2025-08-24T11:50:33.907Z,2025-08-24T11:50:56.037Z,90,24/08/2025,68A2FA6D
445,2025-08-24T11:51:08.747Z,2025-08-24T11:51:28.980Z,5,24/08/2025,68A2FA6D
446,2025-08-24T11:51:41.408Z,2025-08-24T11:52:06.546Z,30,24/08/2025,68A2FA6D
447,2025-08-24T11:52:16.703Z,2025-08-24T11:52:39.101Z,90,24/08/2025,68A2FA6D
448,2025-08-24T11:53:24.285Z,2025-08-24T11:54:01.852Z,60,24/08/2025,68A2FA6D
449,2025-08-24T11:55:56.087Z,2025-08-24T11:56:25.342Z,35,24/08/2025,68A2FA6D
450,2025-08-24T11:56:31.195Z,2025-08-24T11:57:01.345Z,70,24/08/2025,68A2FA6D
451,2025-08-24T12:00:11.115Z,2025-08-24T12:00:16.421Z,30,24/08/2025,68A2FA6D
452,2025-08-24T12:09:53.040Z,2025-08-24T12:09:57.931Z,30,24/08/2025,68A2FA6D
